,met,name
0,cpd00201,cpd00201
1,cpd03524,cpd03524
2,cpd15306,cpd15306
3,cpd15307,cpd15307
4,cpd15308,cpd15308
5,cpd15309,cpd15309
6,cpd15310,cpd15310
7,cpd15311,cpd15311
8,cpd15312,cpd15312
9,cpd00203,cpd00203
10,cpd01155,cpd01155
11,cpd15325,cpd15325
12,cpd15327,cpd15327
13,cpd15328,cpd15328
14,cpd15329,cpd15329
15,cpd00922,cpd00922
16,cpd02431,cpd02431
17,cpd15330,cpd15330
18,cpd15331,cpd15331
19,cpd02566,cpd02566
20,cpd02120,cpd02120
21,cpd21488,cpd21488
22,cpd02498,cpd02498
23,cpd02535,cpd02535
24,cpd02921,cpd02921
25,cpd00957,cpd00957
26,cpd01793,cpd01793
27,cpd00340,cpd00340
28,cpd15807,cpd15807
29,cpd00516,cpd00516
30,cpd00504,cpd00504
31,cpd00498,cpd00498
32,cpd03049,cpd03049
33,cpd02920,cpd02920
34,cpd00954,cpd00954
35,cpd00938,cpd00938
36,cpd00956,cpd00956
37,cpd02857,cpd02857
38,cpd00480,cpd00480
39,cpd00712,cpd00712
40,cpd15352,cpd15352
41,cpd15353,cpd15353
42,cpd00509,cpd00509
43,cpd00510,cpd00510
44,cpd00868,cpd00868
45,cpd01553,cpd01553
46,cpd00524,cpd00524
47,cpd01710,cpd01710
48,cpd02124,cpd02124
49,cpd02894,cpd02894
50,cpd08286,cpd08286
51,cpd08301,cpd08301
52,cpd00287,cpd00287
53,cpd00094,cpd00094
54,cpd03445,cpd03445
55,cpd03447,cpd03447
56,cpd03449,cpd03449
57,cpd03448,cpd03448
58,cpd03446,cpd03446
59,cpd03444,cpd03444
60,cpd08288,cpd08288
61,cpd00482,cpd00482
62,cpd00727,cpd00727
63,cpd03451,cpd03451
64,cpd02693,cpd02693
65,cpd01646,cpd01646
66,cpd02605,cpd02605
67,cpd00699,cpd00699
68,cpd01716,cpd01716
69,cpd09844,cpd09844
70,cpd00842,cpd00842
71,cpd11478,cpd11478
72,cpd15368,cpd15368
73,cpd15370,cpd15370
74,cpd11480,cpd11480
75,cpd11482,cpd11482
76,cpd03122,cpd03122
77,cpd11479,cpd11479
78,cpd02691,cpd02691
79,cpd02569,cpd02569
80,cpd00876,cpd00876
81,cpd11484,cpd11484
82,cpd15371,cpd15371
83,cpd11483,cpd11483
84,cpd11481,cpd11481
85,cpd02210,cpd02210
86,cpd00123,cpd00123
87,cpd00508,cpd00508
88,cpd11489,cpd11489
89,cpd11487,cpd11487
90,cpd03123,cpd03123
91,cpd11486,cpd11486
92,cpd11491,cpd11491
93,cpd11490,cpd11490
94,cpd11485,cpd11485
95,cpd03443,cpd03443
96,cpd00169,cpd00169
97,cpd02069,cpd02069
98,cpd00932,cpd00932
99,cpd03034,cpd03034
100,cpd00281,cpd00281
101,cpd00434,cpd00434
102,cpd00443,cpd00443
103,cpd08210,cpd08210
104,cpd00939,cpd00939
105,cpd02775,cpd02775
106,cpd08287,cpd08287
107,cpd01042,cpd01042
108,cpd00780,cpd00780
109,cpd15378,cpd15378
110,cpd00484,cpd00484
111,cpd00136,cpd00136
112,cpd03608,cpd03608
113,cpd00200,cpd00200
114,cpd02654,cpd02654
115,cpd01977,cpd01977
116,cpd02201,cpd02201
117,cpd02666,cpd02666
118,cpd02882,cpd02882
119,cpd00673,cpd00673
120,cpd00337,cpd00337
121,cpd02893,cpd02893
122,cpd00338,cpd00338
123,cpd00729,cpd00729
124,cpd02720,cpd02720
125,cpd00931,cpd00931
126,cpd00339,cpd00339
127,cpd11310,cpd11310
128,cpd02197,cpd02197
129,cpd08625,cpd08625
130,cpd09027,cpd09027
131,cpd00147,cpd00147
132,cpd00345,cpd00345
133,cpd02738,cpd02738
134,cpd01981,cpd01981
135,cpd02255,cpd02255
136,cpd02904,cpd02904
137,cpd02074,cpd02074
138,cpd03198,cpd03198
139,cpd00284,cpd00284
140,cpd00911,cpd00911
141,cpd04122,cpd04122
142,cpd00279,cpd00279
143,cpd00029,cpd00029
144,cpd00142,cpd00142
145,cpd11494,cpd11494
146,cpd00071,cpd00071
147,cpd00022,cpd00022
148,cpd02552,cpd02552
149,cpd00918,cpd00918
150,cpd00122,cpd00122
151,cpd02611,cpd02611
152,cpd00293,cpd00293
153,cpd00477,cpd00477
154,cpd00790,cpd00790
155,cpd00492,cpd00492
156,cpd00331,cpd00331
157,cpd01563,cpd01563
158,cpd08353,cpd08353
159,cpd00342,cpd00342
160,cpd11493,cpd11493
161,cpd00722,cpd00722
162,cpd11488,cpd11488
163,cpd00196,cpd00196
164,cpd03916,cpd03916
165,cpd00128,cpd00128
166,cpd00836,cpd00836
167,cpd00182,cpd00182
168,cpd03918,cpd03918
169,cpd03919,cpd03919
170,cpd00166,cpd00166
171,cpd00008,cpd00008
172,cpd00387,cpd00387
173,cpd00251,cpd00251
174,cpd03920,cpd03920
175,cpd00152,cpd00152
176,cpd00019,cpd00019
177,cpd02978,cpd02978
178,cpd02851,cpd02851
179,cpd02140,cpd02140
180,cpd00024,cpd00024
181,cpd00117,cpd00117
182,cpd00035,cpd00035
183,cpd00085,cpd00085
184,cpd00731,cpd00731
185,cpd00668,cpd00668
186,cpd00742,cpd00742
187,cpd01092,cpd01092
188,cpd00017,cpd00017
189,cpd00837,cpd00837
190,cpd00018,cpd00018
191,cpd15396,cpd15396
192,cpd15397,cpd15397
193,cpd15398,cpd15398
194,cpd15399,cpd15399
195,cpd15400,cpd15400
196,cpd15401,cpd15401
197,cpd00093,cpd00093
198,cpd12370,cpd12370
199,cpd01504,cpd01504
200,cpd00193,cpd00193
201,cpd00185,cpd00185
202,cpd00224,cpd00224
203,cpd03696,cpd03696
204,cpd03697,cpd03697
205,cpd00051,cpd00051
206,cpd02152,cpd02152
207,cpd00132,cpd00132
208,cpd00041,cpd00041
209,cpd00346,cpd00346
210,cpd00002,cpd00002
211,cpd00650,cpd00650
212,cpd00447,cpd00447
213,cpd03517,cpd03517
214,cpd00120,cpd00120
215,cpd00104,cpd00104
216,cpd12848,cpd12848
217,cpd11465,cpd11465
218,cpd11464,cpd11464
219,cpd00063,cpd00063
220,cpd01720,cpd01720
221,cpd00343,cpd00343
222,cpd03422,cpd03422
223,cpd00635,cpd00635
224,cpd01101,cpd01101
225,cpd00146,cpd00146
226,cpd12543,cpd12543
227,cpd01012,cpd01012
228,cpd00096,cpd00096
229,cpd15417,cpd15417
230,cpd15418,cpd15418
231,cpd15419,cpd15419
232,cpd15420,cpd15420
233,cpd15421,cpd15421
234,cpd15422,cpd15422
235,cpd15423,cpd15423
236,cpd00402,cpd00402
237,cpd00158,cpd00158
238,cpd02760,cpd02760
239,cpd01017,cpd01017
240,cpd00098,cpd00098
241,cpd00216,cpd00216
242,cpd01157,cpd01157
243,cpd00137,cpd00137
244,cpd00274,cpd00274
245,cpd00099,cpd00099
246,cpd00046,cpd00046
247,cpd02692,cpd02692
248,cpd00204,cpd00204
249,cpd03915,cpd03915
250,cpd00011,cpd00011
251,cpd00010,cpd00010
252,cpd00149,cpd00149
253,cpd02083,cpd02083
254,cpd00052,cpd00052
255,cpd00058,cpd00058
256,cpd00084,cpd00084
257,cpd19019,cpd19019
258,cpd00367,cpd00367
259,cpd00438,cpd00438
260,cpd03091,cpd03091
261,cpd00177,cpd00177
262,cpd00294,cpd00294
263,cpd00115,cpd00115
264,cpd11225,cpd11225
265,cpd03129,cpd03129
266,cpd01107,cpd01107
267,cpd11474,cpd11474
268,cpd03128,cpd03128
269,cpd02375,cpd02375
270,cpd00533,cpd00533
271,cpd00206,cpd00206
272,cpd00356,cpd00356
273,cpd00654,cpd00654
274,cpd02060,cpd02060
275,cpd01741,cpd01741
276,cpd11468,cpd11468
277,cpd01260,cpd01260
278,cpd11594,cpd11594
279,cpd00295,cpd00295
280,cpd00296,cpd00296
281,cpd00277,cpd00277
282,cpd00241,cpd00241
283,cpd00157,cpd00157
284,cpd00095,cpd00095
285,cpd00330,cpd00330
286,cpd14545,cpd14545
287,cpd00449,cpd00449
288,cpd02295,cpd02295
289,cpd02961,cpd02961
290,cpd00282,cpd00282
291,cpd00683,cpd00683
292,cpd08636,cpd08636
293,cpd03704,cpd03704
294,cpd03279,cpd03279
295,cpd00977,cpd00977
296,cpd00425,cpd00425
297,cpd01997,cpd01997
298,cpd02656,cpd02656
299,cpd00202,cpd00202
300,cpd00450,cpd00450
301,cpd00638,cpd00638
302,cpd00655,cpd00655
303,cpd01620,cpd01620
304,cpd01311,cpd01311
305,cpd00297,cpd00297
306,cpd02661,cpd02661
307,cpd00521,cpd00521
308,cpd00522,cpd00522
309,cpd00626,cpd00626
310,cpd02113,cpd02113
311,cpd00298,cpd00298
312,cpd00357,cpd00357
313,cpd00978,cpd00978
314,cpd00299,cpd00299
315,cpd00412,cpd00412
316,cpd00358,cpd00358
317,cpd08289,cpd08289
318,cpd00236,cpd00236
319,cpd02843,cpd02843
320,cpd03453,cpd03453
321,cpd00162,cpd00162
322,cpd00363,cpd00363
323,cpd00802,cpd00802
324,cpd00072,cpd00072
325,cpd00015,cpd00015
326,cpd00982,cpd00982
327,cpd00055,cpd00055
328,cpd00290,cpd00290
329,cpd11621,cpd11621
330,cpd11620,cpd11620
331,cpd10515,cpd10515
332,cpd10516,cpd10516
333,cpd03726,cpd03726
334,cpd02678,cpd02678
335,cpd00050,cpd00050
336,cpd00393,cpd00393
337,cpd00047,cpd00047
338,cpd02826,cpd02826
339,cpd02884,cpd02884
340,cpd00350,cpd00350
341,cpd00082,cpd00082
342,cpd00751,cpd00751
343,cpd00106,cpd00106
344,cpd00089,cpd00089
345,cpd00501,cpd00501
346,cpd00102,cpd00102
347,cpd00507,cpd00507
348,cpd00908,cpd00908
349,cpd02090,cpd02090
350,cpd15468,cpd15468
351,cpd00079,cpd00079
352,cpd00863,cpd00863
353,cpd00108,cpd00108
354,cpd00348,cpd00348
355,cpd01171,cpd01171
356,cpd03752,cpd03752
357,cpd00276,cpd00276
358,cpd03671,cpd03671
359,cpd00288,cpd00288
360,cpd02394,cpd02394
361,cpd00229,cpd00229
362,cpd00031,cpd00031
363,cpd00900,cpd00900
364,cpd00272,cpd00272
365,cpd00083,cpd00083
366,cpd02740,cpd02740
367,cpd00027,cpd00027
368,cpd00053,cpd00053
369,cpd00186,cpd00186
370,cpd00023,cpd00023
371,cpd02345,cpd02345
372,cpd02097,cpd02097
373,cpd00858,cpd00858
374,cpd00413,cpd00413
375,cpd12227,cpd12227
376,cpd00040,cpd00040
377,cpd00033,cpd00033
378,cpd00448,cpd00448
379,cpd00100,cpd00100
380,cpd00223,cpd00223
381,cpd00080,cpd00080
382,cpd00139,cpd00139
383,cpd00155,cpd00155
384,cpd00126,cpd00126
385,cpd00283,cpd00283
386,cpd00311,cpd00311
387,cpd00111,cpd00111
388,cpd00042,cpd00042
389,cpd00038,cpd00038
390,cpd00207,cpd00207
391,cpd00067,cpd00067
392,cpd11640,cpd11640
393,cpd00242,cpd00242
394,cpd08615,cpd08615
395,cpd00001,cpd00001
396,cpd00025,cpd00025
397,cpd00239,cpd00239
398,cpd00165,cpd00165
399,cpd00919,cpd00919
400,cpd00135,cpd00135
401,cpd00214,cpd00214
402,cpd15237,cpd15237
403,cpd03126,cpd03126
404,cpd15239,cpd15239
405,cpd02590,cpd02590
406,cpd11472,cpd11472
407,cpd00531,cpd00531
408,cpd00119,cpd00119
409,cpd00807,cpd00807
410,cpd00641,cpd00641
411,cpd00755,cpd00755
412,cpd09879,cpd09879
413,cpd00227,cpd00227
414,cpd02555,cpd02555
415,cpd00415,cpd00415
416,cpd03125,cpd03125
417,cpd00226,cpd00226
418,cpd03124,cpd03124
419,cpd03470,cpd03470
420,cpd00658,cpd00658
421,cpd00260,cpd00260
422,cpd00090,cpd00090
423,cpd00322,cpd00322
424,cpd01831,cpd01831
425,cpd03052,cpd03052
426,cpd00930,cpd00930
427,cpd00114,cpd00114
428,cpd00359,cpd00359
429,cpd00121,cpd00121
430,cpd00246,cpd00246
431,cpd00113,cpd00113
432,cpd00217,cpd00217
433,cpd00068,cpd00068
434,cpd00205,cpd00205
435,cpd11585,cpd11585
436,cpd00159,cpd00159
437,cpd15386,cpd15386
438,cpd15387,cpd15387
439,cpd00208,cpd00208
440,cpd00107,cpd00107
441,cpd02182,cpd02182
442,cpd00039,cpd00039
443,cpd00130,cpd00130
444,cpd11492,cpd11492
445,cpd00070,cpd00070
446,cpd00179,cpd00179
447,cpd01919,cpd01919
448,cpd15494,cpd15494
449,cpd01329,cpd01329
450,cpd15495,cpd15495
451,cpd01262,cpd01262
452,cpd01399,cpd01399
453,cpd00138,cpd00138
454,cpd00485,cpd00485
455,cpd00235,cpd00235
456,cpd00116,cpd00116
457,cpd00706,cpd00706
458,cpd00637,cpd00637
459,cpd00060,cpd00060
460,cpd00347,cpd00347
461,cpd11576,cpd11576
462,cpd01914,cpd01914
463,cpd00254,cpd00254
464,cpd00125,cpd00125
465,cpd00030,cpd00030
466,cpd00314,cpd00314
467,cpd03200,cpd03200
468,cpd11574,cpd11574
469,cpd15499,cpd15499
470,cpd15500,cpd15500
471,cpd00428,cpd00428
472,cpd15505,cpd15505
473,cpd15506,cpd15506
474,cpd15507,cpd15507
475,cpd15508,cpd15508
476,cpd15510,cpd15510
477,cpd15514,cpd15514
478,cpd11466,cpd11466
479,cpd00528,cpd00528
480,cpd02685,cpd02685
481,cpd00971,cpd00971
482,cpd00218,cpd00218
483,cpd00003,cpd00003
484,cpd00004,cpd00004
485,cpd00006,cpd00006
486,cpd00005,cpd00005
487,cpd00133,cpd00133
488,cpd00013,cpd00013
489,cpd03471,cpd03471
490,cpd00873,cpd00873
491,cpd00355,cpd00355
492,cpd00075,cpd00075
493,cpd15516,cpd15516
494,cpd15517,cpd15517
495,cpd15520,cpd15520
496,cpd00007,cpd00007
497,cpd00532,cpd00532
498,cpd00032,cpd00032
499,cpd03130,cpd03130
500,cpd11470,cpd11470
501,cpd01335,cpd01335
502,cpd15268,cpd15268
503,cpd03846,cpd03846
504,cpd02557,cpd02557
505,cpd11825,cpd11825
506,cpd03606,cpd03606
507,cpd00064,cpd00064
508,cpd00247,cpd00247
509,cpd00810,cpd00810
510,cpd00180,cpd00180
511,cpd01507,cpd01507
512,cpd15521,cpd15521
513,cpd15522,cpd15522
514,cpd15523,cpd15523
515,cpd15524,cpd15524
516,cpd15525,cpd15525
517,cpd15526,cpd15526
518,cpd15527,cpd15527
519,cpd11476,cpd11476
520,cpd15277,cpd15277
521,cpd00834,cpd00834
522,cpd00408,cpd00408
523,cpd00045,cpd00045
524,cpd00044,cpd00044
525,cpd00478,cpd00478
526,cpd15533,cpd15533
527,cpd00061,cpd00061
528,cpd15540,cpd15540
529,cpd15542,cpd15542
530,cpd15543,cpd15543
531,cpd15544,cpd15544
532,cpd15545,cpd15545
533,cpd15546,cpd15546
534,cpd15547,cpd15547
535,cpd15548,cpd15548
536,cpd00066,cpd00066
537,cpd00028,cpd00028
538,cpd00809,cpd00809
539,cpd00143,cpd00143
540,cpd03607,cpd03607
541,cpd00009,cpd00009
542,cpd00134,cpd00134
543,cpd00644,cpd00644
544,cpd00371,cpd00371
545,cpd01844,cpd01844
546,cpd00689,cpd00689
547,cpd00086,cpd00086
548,cpd00905,cpd00905
549,cpd00219,cpd00219
550,cpd00012,cpd00012
551,cpd03559,cpd03559
552,cpd01476,cpd01476
553,cpd00791,cpd00791
554,cpd00421,cpd00421
555,cpd01982,cpd01982
556,cpd02642,cpd02642
557,cpd01777,cpd01777
558,cpd01775,cpd01775
559,cpd15661,cpd15661
560,cpd15662,cpd15662
561,cpd02979,cpd02979
562,cpd02991,cpd02991
563,cpd00129,cpd00129
564,cpd00103,cpd00103
565,cpd15557,cpd15557
566,cpd00738,cpd00738
567,cpd02524,cpd02524
568,cpd00118,cpd00118
569,cpd00620,cpd00620
570,cpd00493,cpd00493
571,cpd00419,cpd00419
572,cpd00215,cpd00215
573,cpd00016,cpd00016
574,cpd00263,cpd00263
575,cpd00020,cpd00020
576,cpd15560,cpd15560
577,cpd15561,cpd15561
578,cpd02333,cpd02333
579,cpd00475,cpd00475
580,cpd03593,cpd03593
581,cpd00101,cpd00101
582,cpd00382,cpd00382
583,cpd03423,cpd03423
584,cpd02227,cpd02227
585,cpd00105,cpd00105
586,cpd00220,cpd00220
587,cpd00396,cpd00396
588,cpd02016,cpd02016
589,cpd00171,cpd00171
590,cpd00349,cpd00349
591,cpd00238,cpd00238
592,cpd03698,cpd03698
593,cpd01030,cpd01030
594,cpd00588,cpd00588
595,cpd00491,cpd00491
596,cpd00804,cpd00804
597,cpd02021,cpd02021
598,cpd03426,cpd03426
599,cpd00054,cpd00054
600,cpd00557,cpd00557
601,cpd00383,cpd00383
602,cpd02030,cpd02030
603,cpd00081,cpd00081
604,cpd00048,cpd00048
605,cpd00264,cpd00264
606,cpd01031,cpd01031
607,cpd00327,cpd00327
608,cpd01133,cpd01133
609,cpd01693,cpd01693
610,cpd01772,cpd01772
611,cpd00036,cpd00036
612,cpd00078,cpd00078
613,cpd00822,cpd00822
614,cpd00076,cpd00076
615,cpd15568,cpd15568
616,cpd15570,cpd15570
617,cpd00589,cpd00589
618,cpd00805,cpd00805
619,cpd02371,cpd02371
620,cpd00666,cpd00666
621,cpd11459,cpd11459
622,cpd03127,cpd03127
623,cpd01695,cpd01695
624,cpd11469,cpd11469
625,cpd15294,cpd15294
626,cpd11475,cpd11475
627,cpd02465,cpd02465
628,cpd11473,cpd11473
629,cpd00087,cpd00087
630,cpd06227,cpd06227
631,cpd00305,cpd00305
632,cpd00793,cpd00793
633,cpd00056,cpd00056
634,cpd00161,cpd00161
635,cpd00184,cpd00184
636,cpd11467,cpd11467
637,cpd11471,cpd11471
638,cpd15572,cpd15572
639,cpd11477,cpd11477
640,cpd11420,cpd11420
641,cpd11421,cpd11421
642,cpd00794,cpd00794
643,cpd00523,cpd00523
644,cpd11912,cpd11912
645,cpd00065,cpd00065
646,cpd00268,cpd00268
647,cpd08211,cpd08211
648,cpd15298,cpd15298
649,cpd00069,cpd00069
650,cpd02886,cpd02886
651,cpd03487,cpd03487
652,cpd03488,cpd03488
653,cpd03491,cpd03491
654,cpd03492,cpd03492
655,cpd03495,cpd03495
656,cpd03496,cpd03496
657,cpd02820,cpd02820
658,cpd00037,cpd00037
659,cpd00861,cpd00861
660,cpd02948,cpd02948
661,cpd03490,cpd03490
662,cpd02862,cpd02862
663,cpd03494,cpd03494
664,cpd00890,cpd00890
665,cpd00525,cpd00525
666,cpd00773,cpd00773
667,cpd02229,cpd02229
668,cpd00286,cpd00286
669,cpd00014,cpd00014
670,cpd00175,cpd00175
671,cpd00026,cpd00026
672,cpd00043,cpd00043
673,cpd02338,cpd02338
674,cpd00144,cpd00144
675,cpd02964,cpd02964
676,cpd02968,cpd02968
677,cpd00091,cpd00091
678,cpd00946,cpd00946
679,cpd00774,cpd00774
680,cpd00092,cpd00092
681,cpd00073,cpd00073
682,cpd00249,cpd00249
683,cpd00062,cpd00062
684,cpd00156,cpd00156
685,cpd00309,cpd00309
686,cpd00497,cpd00497
687,cpd00530,cpd00530
688,cpd01217,cpd01217
689,cpd00198,cpd00198
690,cpd00154,cpd00154
691,cpd26831,cpd26831
692,cpd00306,cpd00306
693,cpd00034,cpd00034
