Reaction_ID,data_type,kcat,MW,kcat_MW
rxn06078_c0,DLkcat,8619.2072,46096.3178,202536.925
rxn00650_c0_num2,DLkcat,1921.1481,38522.6475,179534.2119
rxn03194_c0_num2,DLkcat,779.3666,18856.5087,21023.14306
rxn01362_c0_reverse,DLkcat,772.682,24816.0859,56045.40561
rxn05655_c0_num2,DLkcat,740.4781,62216.1267,42846.14458
rxn00410_c0,DLkcat,729.9124,59892.8313,10968.27693
rxn10770_c0_reverse_num1,DLkcat,604.914,39940.3607,9427.225459
rxn06865_c0_reverse_num1,DLkcat,535.5674,23365.6752,82516.02505
rxn00187_c0_num2,DLkcat,445.7912,49430.8004,32466.56552
rxn00762_c0_reverse,DLkcat,434.6246,38787.7185,9941.865162
rxn06864_c0,DLkcat,427.0243,30773.5129,17348.75191
rxn08312_c0,DLkcat,401.3099,31518.5888,45836.93925
rxn05461_c0,DLkcat,401.3099,25525.2873,14149.847
rxn00770_c0_reverse,DLkcat,350.5758,44078.2393,5053.88534
rxn08668_c0_reverse,DLkcat,350.4933,27247.657,46307.68363
rxn08073_c0_reverse_num2,DLkcat,328.153,101425.4128,2911.870821
rxn00806_c0_reverse,DLkcat,312.4966,40254.5762,27946.82906
rxn05735_c0,DLkcat,303.8399,54474.5853,6732.128677
rxn05226_c0_num4,DLkcat,302.4636,8891.1318,61233.42812
rxn08615_c0,DLkcat,302.4636,53713.5631,5067.942328
rxn03962_c0,DLkcat,302.4636,35480.1338,30689.53928
rxn03406_c0,DLkcat,302.4636,49430.8004,22028.14745
rxn40037_c0,DLkcat,284.5261,32204.6332,7951.448738
rxn00802_c0_reverse,DLkcat,279.1958,50583.273,9935.150697
rxn00647_c0_reverse,DLkcat,277.5089,44525.9756,3743.830593
rxn10196_c0_reverse,DLkcat,244.3719,34711.7962,6241.486205
rxn06864_c0_reverse,DLkcat,244.3719,27063.8142,9928.117598
rxn01480_c0,DLkcat,202.3208,31543.3946,23090.56743
rxn05655_c0_num3,DLkcat,188.8216,62481.4103,5439.680032
rxn08073_c0_reverse_num3,DLkcat,180.3927,193068.7376,1681.819978
rxn01302_c0_reverse,DLkcat,179.0279,44779.9054,7196.313103
rxn01358_c0_reverse,DLkcat,176.7173,28901.6059,11006.00227
rxn01575_c0_reverse,DLkcat,172.4085,40254.5762,15418.63457
rxn00260_c0_num2,DLkcat,165.126,43568.8149,1048.078571
rxn12637_c0_reverse_num1,DLkcat,153.7618,26711.8884,20722.70113
rxn00710_c0,DLkcat,153.593,32766.8857,8437.402399
rxn01368_c0,DLkcat,145.3582,27206.1796,3205.702575
rxn00171_c0_reverse_num1,DLkcat,141.7544,95529.8896,2670.974719
rxn05518_c0_reverse_num2,DLkcat,140.2353,12390.9358,20371.62843
rxn11946_c0_num2,DLkcat,137.7521,53019.4603,779.4426757
rxn05740_c0_reverse,DLkcat,136.6894,72261.9442,1984.529663
rxn06023_c0,DLkcat,134.3827,13745.6425,35194.98779
rxn09242_c0_num1,DLkcat,133.0227,62481.4103,2558.416568
rxn00260_c0_reverse_num1,DLkcat,131.3435,44665.6693,1771.935291
rxn05582_c0_reverse,DLkcat,127.8783,46742.6067,9848.870495
rxn08021_c0,DLkcat,127.604,8726.6991,13455.77336
rxn00695_c0,DLkcat,125.8992,44124.9209,1331.961593
rxn00915_c0_reverse,DLkcat,125.7378,19510.9081,11600.07719
rxn00770_c0,DLkcat,124.1332,34274.1753,1789.498761
rxn08549_c0,DLkcat,121.6942,8726.6991,12832.58812
rxn05158_c0_num1,DLkcat,121.6942,30827.6648,14211.23276
rxn02914_c0,DLkcat,118.4785,39822.2915,5355.324668
rxn02320_c0_num1,DLkcat,116.0762,38081.1811,3530.108238
rxn05740_c0,DLkcat,116.0762,87848.4899,1685.256224
rxn08793_c0,DLkcat,114.1708,34791.3952,1487.08395
rxn01637_c0,DLkcat,113.9901,42043.6996,4880.212302
rxn01603_c0,DLkcat,109.2607,45689.9886,8608.855726
rxn02476_c0,DLkcat,108.7134,44188.2461,8856.840326
rxn01210_c0,DLkcat,105.7077,45689.9886,8328.908184
rxn00260_c0_reverse_num2,DLkcat,104.5421,43568.8149,663.5438078
rxn00260_c0_reverse_num3,DLkcat,104.5421,40146.5918,4687.216811
rxn00818_c0,DLkcat,104.405,83165.9913,2281.118112
rxn01451_c0,DLkcat,104.1918,31543.3946,11891.25282
rxn00902_c0_reverse,DLkcat,102.6546,34968.7452,2332.328124
rxn03062_c0,DLkcat,102.6546,38564.9665,4791.35072
rxn08076_c0_reverse_num2,DLkcat,97.7755,101425.4128,867.6124412
rxn01917_c0,DLkcat,96.2504,30582.1678,5665.089576
rxn45425_c0_reverse,DLkcat,94.9797,35419.1302,9653.735653
rxn05485_c0_reverse,DLkcat,93.217,62216.1267,1792.83624
rxn01018_c0_num2,DLkcat,92.7341,116300.9875,1435.253334
rxn01791_c0,DLkcat,92.129,32018.2363,5179.304645
rxn00416_c0,DLkcat,91.5425,70072.2009,4703.04908
rxn45425_c0,DLkcat,88.7905,35419.1302,9024.665433
rxn02159_c0_reverse,DLkcat,87.7636,45855.9126,6890.037556
rxn09242_c0_reverse_num1,DLkcat,86.4141,62216.1267,1661.996525
rxn06937_c0_num1,DLkcat,86.3828,54377.4674,5718.877595
rxn00192_c0_num1,DLkcat,85.7087,42578.196,3623.348908
rxn05239_c0,DLkcat,85.5563,11552.2707,5390.830054
rxn02320_c0_num2,DLkcat,85.5196,40146.5918,1955.519088
rxn08942_c0_reverse,DLkcat,83.816,87848.4899,1216.885423
rxn08898_c0,DLkcat,82.7253,39178.264,859.0361244
rxn09210_c0,DLkcat,81.7774,22180.304,2212.162647
rxn02504_c0_reverse,DLkcat,80.303,13644.6414,21187.13065
rxn12008_c0_reverse,DLkcat,79.9602,27692.0873,5197.454365
rxn02005_c0,DLkcat,79.8856,62481.4103,1536.434327
rxn03903_c0,DLkcat,76.0904,36400.6488,3762.645022
rxn00148_c0_reverse,DLkcat,75.9944,51716.516,2644.994879
rxn00109_c0,DLkcat,75.2368,55586.1415,1589.941029
rxn03843_c0,DLkcat,73.3912,27692.0873,4770.465966
rxn00085_c0_reverse,DLkcat,73.2779,66181.3001,463.1254274
rxn00816_c0,DLkcat,70.1822,86181.1767,634.0762122
rxn08981_c0,DLkcat,67.2097,54166.3485,4466.886299
rxn01301_c0_reverse,DLkcat,66.7938,44779.9054,2684.883743
rxn00545_c0,DLkcat,999,34790.5059,103373.0297
rxn03407_c0,DLkcat,64.7771,49430.8004,4717.656969
rxn08958_c0_reverse,DLkcat,64.6016,73917.609,1573.141794
rxn00781_c0_reverse_num1,DLkcat,63.5348,36780.5737,1554.660905
rxn16574_c0_reverse,DLkcat,63.5335,17186.5321,13308.1298
rxn00836_c0_reverse,DLkcat,62.9854,19510.9081,5810.786429
rxn04016_c0,DLkcat,62.4896,29597.6032,7600.701938
rxn00143_c0,DLkcat,62.2349,24501.9496,9143.992362
rxn00412_c0,DLkcat,62.2349,59892.8313,935.1938919
rxn45996_c0_reverse,DLkcat,61.4684,35158.1266,1049.004699
rxn12642_c0_num1,DLkcat,59.6786,26711.8884,8042.971608
rxn02596_c0,DLkcat,58.636,83165.9913,1281.12295
rxn05671_c0_reverse,DLkcat,58.002,54301.234,640.8915127
rxn02177_c0,DLkcat,57.9699,21236.3011,2456.779538
rxn10770_c0_num1,DLkcat,57.4944,95529.8896,896.0160807
rxn01434_c0,DLkcat,57.4944,45026.563,1149.209634
rxn01406_c0,DLkcat,56.4668,35108.7981,1487.403065
rxn08893_c0_reverse,DLkcat,55.6679,28676.7342,578.0666503
rxn12642_c0_reverse_num1,DLkcat,55.6679,26711.8884,7502.443743
rxn00547_c0,DLkcat,55.6334,34811.839,1438.305514
rxn06848_c0_reverse_num4,DLkcat,55.0947,19245.6171,5152.885433
rxn05226_c0_num5,DLkcat,54.1391,9997.3685,9747.603082
rxn01332_c0,DLkcat,54.1215,,5320.85242
rxn12635_c0_reverse_num2,DLkcat,54.0023,38522.6475,5046.59707
rxn09992_c0,DLkcat,53.8679,52645.8713,910.0550201
rxn26127_c0,DLkcat,53.8679,72261.9442,782.0829227
rxn05617_c0_num4,DLkcat,53.3088,61321.1902,1564.807201
rxn00260_c0_num1,DLkcat,53.3088,44525.9756,719.1809571
rxn00337_c0,DLkcat,53.3088,43112.671,2225.699261
rxn00786_c0_reverse_num1,DLkcat,52.718,30513.7556,1554.911844
rxn06865_c0_reverse_num4,DLkcat,52.3243,19245.6171,4893.776048
rxn01333_c0,DLkcat,52.2958,23203.8948,8113.503428
rxn01739_c0,DLkcat,51.4509,19648.4951,9426.841041
rxn05647_c0,DLkcat,51.4509,62216.1267,989.5516706
rxn05617_c0_reverse_num1,DLkcat,51.3609,62216.1267,987.8207067
rxn00907_c0,DLkcat,50.8675,30106.6758,3041.235791
rxn08535_c0_num4,DLkcat,50.3189,15137.1643,5983.552679
rxn08535_c0_num3,DLkcat,50.3189,29899.1996,3029.31253
rxn08535_c0_num2,DLkcat,50.3189,31143.5672,2908.273783
rxn01548_c0,DLkcat,50.0035,28901.6059,3114.231794
rxn05647_c0_reverse,DLkcat,49.2944,62481.4103,948.0758523
rxn12645_c0_reverse_num1,DLkcat,49.2815,26711.8884,6641.739339
rxn06848_c0_reverse_num20,DLkcat,46.6841,25011.1277,1679.879872
rxn02803_c0,DLkcat,45.7798,41063.8695,4013.437652
rxn12640_c0_num2,DLkcat,45.4656,38522.6475,4248.829471
rxn08073_c0_num2,DLkcat,45.0018,101425.4128,399.324182
rxn12643_c0_num1,DLkcat,44.7047,26711.8884,6024.917355
rxn02988_c0_reverse,DLkcat,43.0073,33153.8001,4669.940687
rxn12644_c0_reverse_num1,DLkcat,42.5322,26711.8884,5732.126374
rxn00612_c0,DLkcat,42.444,36185.1273,4222.685158
rxn02465_c0_reverse,DLkcat,42.4321,34777.3227,2196.194936
rxn12633_c0_reverse_num1,DLkcat,42.1119,26711.8884,5675.481933
rxn12639_c0_reverse_num1,DLkcat,42.1119,26711.8884,5675.481933
rxn00154_c0,DLkcat,999,264014.081,277
rxn08043_c0_num1,DLkcat,40.7076,60003.7742,839.3036445
rxn11944_c0_reverse,DLkcat,40.7076,86287.6334,1698.358782
rxn05733_c0,DLkcat,40.2732,31056.5664,2285.819963
rxn00566_c0,DLkcat,40.2732,42671.2829,1698.841822
rxn06848_c0_reverse_num22,DLkcat,39.6654,17665.0281,673.6258744
rxn05335_c0_reverse,DLkcat,39.2507,16026.5332,8816.786403
rxn00347_c0_reverse,DLkcat,38.6958,49298.8234,1412.862117
rxn00953_c0_reverse,DLkcat,38.4536,32535.6945,2127.401338
rxn03435_c0,DLkcat,38.1044,35895.7825,3821.502986
rxn05610_c0_reverse_num5,DLkcat,37.6255,15137.1643,4474.147116
rxn23043_c0,DLkcat,37.5472,23800.2939,1419.834568
rxn02720_c0_reverse,DLkcat,36.3382,41063.8695,3185.708546
rxn03253_c0_reverse,DLkcat,36.3382,41063.8695,3185.708546
rxn05560_c0_reverse_num3,DLkcat,36.1876,71245.7029,457.1340962
rxn00784_c0_reverse,DLkcat,36.1876,20549.2757,1462.854772
rxn12637_c0_num1,DLkcat,36.0676,26711.8884,4860.882842
rxn00856_c0,DLkcat,35.7337,49275.041,859.1235907
rxn00493_c0_reverse_num1,DLkcat,35.6283,38081.1811,1083.527505
rxn01799_c0_reverse,DLkcat,35.6283,28901.6059,2218.940367
rxn15395_c0_reverse,DLkcat,35.1998,46096.3178,827.1363118
rxn05560_c0_reverse_num2,DLkcat,34.1938,71245.7029,431.9477351
rxn00527_c0_reverse_num3,DLkcat,34.1938,44665.6693,1377.989874
rxn00527_c0_reverse_num2,DLkcat,34.1938,40146.5918,781.886592
rxn10263_c0,DLkcat,34.1479,19647.4776,3128.453497
rxn03004_c0_reverse,DLkcat,34.1018,22743.9066,5397.774541
rxn01870_c0_reverse,DLkcat,34.1018,30513.7556,1005.828991
rxn05175_c0_num3,DLkcat,33.9992,70668.273,1731.995347
rxn08192_c0,DLkcat,33.9992,38249.6313,465.4911432
rxn00003_c0_reverse_num3,DLkcat,33.7595,18856.5087,6445.212204
rxn01637_c0_reverse,DLkcat,33.7595,42043.6996,1445.331895
rxn10261_c0_reverse,DLkcat,33.5333,19647.4776,3072.147032
rxn00692_c0,DLkcat,33.5039,45004.1033,1340.03381
rxn00205_c0,DLkcat,33.3617,20310.0175,2956.721234
rxn08764_c0,DLkcat,33.1803,35895.7825,3327.663354
rxn00711_c0_reverse,DLkcat,33.1771,23089.8496,1382.870422
rxn12639_c0_num1,DLkcat,33.0174,26711.8884,4449.802957
rxn08018_c0_num1,DLkcat,32.7996,22151.7682,5330.434976
rxn07438_c0_reverse,DLkcat,32.7805,36177.1413,3261.999035
rxn01021_c0_reverse,DLkcat,32.6632,24501.9496,4799.108721
rxn05569_c0_reverse,DLkcat,32.4192,62481.4103,623.5162751
rxn07438_c0,DLkcat,32.4192,36177.1413,3226.045945
rxn02853_c0,DLkcat,32.2241,54474.5853,713.9838701
rxn00654_c0,DLkcat,32.1464,44618.7149,2593.688327
rxn01834_c0_reverse,DLkcat,31.9422,13795.4076,4167.760871
rxn00414_c0,DLkcat,31.852,116300.9875,369.29757
rxn08073_c0_num1,DLkcat,31.6398,27386.5376,4159.097498
rxn05560_c0_num1,DLkcat,31.0757,62481.4103,597.6768307
rxn00171_c0_reverse_num2,DLkcat,31.0631,39940.3607,484.0999666
rxn02402_c0_reverse,DLkcat,31.0177,29701.8902,1879.740974
rxn00192_c0_num9,DLkcat,30.7023,22965.7164,2406.375618
rxn06874_c0_num4,DLkcat,30.7023,59405.9011,930.2803085
rxn10263_c0_reverse,DLkcat,30.6021,19647.4776,2803.60569
rxn00653_c0,DLkcat,30.5663,54001.7695,677.2522792
rxn00192_c0_num4,DLkcat,30.4684,19229.9847,5703.917175
rxn15395_c0,DLkcat,29.8965,53553.0483,702.5176491
rxn00650_c0_reverse_num2,DLkcat,29.8347,38522.6475,2788.098092
rxn06865_c0_reverse_num22,DLkcat,29.7768,17665.0281,505.6906759
rxn05349_c0_reverse,DLkcat,29.7721,8726.6991,3139.451977
rxn05619_c0,DLkcat,29.7721,36295.2308,1476.496466
rxn01265_c0_reverse,DLkcat,29.1478,54166.3485,1937.21901
rxn02201_c0_num2,DLkcat,28.6295,18662.3424,5522.68294
rxn00085_c0,DLkcat,41.9,53598.5141,2814.257121
rxn10344_c0_num3,DLkcat,28.2795,77573.106,1312.390405
rxn00931_c0,DLkcat,28.1983,28013.1376,3623.795429
rxn01132_c0_reverse,DLkcat,28.1689,72261.9442,408.9711246
rxn08976_c0,DLkcat,28.1689,60630.1003,1672.569227
rxn03052_c0,DLkcat,27.8769,86287.6334,1163.050092
rxn12512_c0,DLkcat,27.8031,27277.3273,917.3475731
rxn05582_c0,DLkcat,27.5614,46742.6067,2122.710884
rxn03108_c0,DLkcat,27.3363,27479.2195,1790.638195
rxn08086_c0,DLkcat,27.2659,27474.6194,1786.325746
rxn00202_c0_reverse,DLkcat,26.9179,39068.7303,974.6768568
rxn01544_c0_reverse,DLkcat,26.6648,20848.8153,2302.12793
rxn01674_c0,DLkcat,26.5624,38127.2625,1254.01922
rxn05233_c0,DLkcat,26.5623,11171.824,1673.668043
rxn05501_c0_reverse,DLkcat,26.24,62216.1267,504.6721406
rxn04056_c0_reverse,DLkcat,26.24,31797.7891,1485.386291
rxn01740_c0_reverse,DLkcat,25.6496,29910.9134,1543.559683
rxn00493_c0_reverse_num3,DLkcat,25.5539,44665.6693,1029.807025
rxn01446_c0_reverse,DLkcat,24.9322,28901.6059,1552.784304
rxn00192_c0_num5,DLkcat,24.6472,20831.5131,4259.40831
rxn00690_c0,DLkcat,24.5813,58470.8198,756.725152
rxn01644_c0,DLkcat,24.5774,32204.6332,686.8471335
rxn05560_c0_reverse_num1,DLkcat,24.258,62481.4103,466.552469
rxn08535_c0_reverse_num1,DLkcat,24.258,18734.39,2330.708392
rxn00790_c0_reverse,DLkcat,23.7953,54226.0296,1579.740959
rxn05496_c0,DLkcat,23.7526,46742.6067,1829.366525
rxn15947_c0,DLkcat,23.4118,44744.5419,941.8185596
rxn00002_c0,DLkcat,23.035,47397.6959,1749.578717
rxn09111_c0_reverse,DLkcat,22.9193,19647.4776,2099.7474
rxn00527_c0_num2,DLkcat,22.8301,40146.5918,522.0405186
rxn20643_c0_reverse,DLkcat,22.453,47285.425,142.4519289
rxn00192_c0_num10,DLkcat,22.4465,17830.8762,4531.880492
rxn05655_c0_num1,DLkcat,22.4247,50079.4612,806.0082723
rxn01211_c0_reverse,DLkcat,22.3865,30106.6758,1338.430728
rxn02186_c0_reverse,DLkcat,22.2528,35895.7825,2231.740734
rxn00781_c0_num1,DLkcat,22.2528,36780.5737,544.5135294
rxn00260_c0_num3,DLkcat,21.7994,40146.5918,977.3910621
rxn10262_c0,DLkcat,21.7908,19647.4776,1996.360082
rxn06848_c0_reverse_num3,DLkcat,21.5642,16795.1521,4622.233817
rxn00405_c0,DLkcat,21.5505,52731.8077,735.6262129
rxn03136_c0_reverse,DLkcat,21.4887,53615.9384,1442.841855
rxn05518_c0_reverse_num1,DLkcat,21.1776,11171.041,3412.365956
rxn01710_c0,DLkcat,21.0102,95529.8896,327.43149
rxn00011_c0_reverse,DLkcat,20.8659,57301.058,388.2782413
rxn06865_c0_reverse_num3,DLkcat,20.6214,16795.1521,4420.14693
rxn06673_c0,DLkcat,20.4762,31564.7865,1207.577811
rxn00910_c0,DLkcat,20.4762,31766.0372,580.1346855
rxn05501_c0,DLkcat,20.3434,62216.1267,391.2632326
rxn01334_c0_reverse_num1,DLkcat,20.1317,30513.7556,593.7823661
rxn05518_c0_reverse_num3,DLkcat,20.1317,49393.2392,733.64413
rxn05560_c0_num3,DLkcat,19.9547,71245.7029,252.0745711
rxn06848_c0_reverse_num13,DLkcat,19.8431,21612.2209,1652.656623
rxn00946_c0,DLkcat,19.5657,41063.8695,1715.291833
rxn00192_c0_num6,DLkcat,19.5156,30310.6344,2317.871644
rxn08073_c0_reverse_num1,DLkcat,19.5122,27386.5376,2564.906927
rxn06865_c0_reverse_num13,DLkcat,19.379,21612.2209,1614.003492
rxn06848_c0_reverse_num19,DLkcat,19.3142,16680.9247,4168.301293
rxn08076_c0_reverse_num1,DLkcat,19.0206,27386.5376,2500.285396
rxn01132_c0,DLkcat,18.946,72261.9442,275.0681399
rxn08936_c0,DLkcat,18.8725,63856.5077,531.9818014
rxn01636_c0_reverse,DLkcat,18.5988,42578.196,786.2672247
rxn01208_c0_reverse_num2,DLkcat,18.514,42552.3208,1566.316449
rxn01790_c0_reverse,DLkcat,18.3478,33491.3901,986.1053812
rxn08535_c0_reverse_num4,DLkcat,18.3478,15137.1643,2181.785131
rxn10259_c0_reverse,DLkcat,18.2339,19647.4776,1670.495352
rxn05394_c0_reverse,DLkcat,18.2138,16026.5332,4091.320261
rxn12640_c0_reverse_num1,DLkcat,18.1027,26711.8884,2439.727174
rxn01790_c0,DLkcat,18.0564,33491.3901,970.4440426
rxn03135_c0_reverse_num1,DLkcat,18.0564,27213.7841,2388.607176
rxn08941_c0_reverse,DLkcat,17.9461,72261.9442,260.551058
rxn06077_c0,DLkcat,17.9461,36177.1413,1785.822696
rxn09989_c0,DLkcat,17.7359,63856.5077,499.9430935
rxn05170_c0_num2,DLkcat,17.7061,32131.8647,316.7253714
rxn02201_c0_num1,DLkcat,17.7061,43214.1362,1475.025665
rxn02933_c0_reverse,DLkcat,17.5041,31543.3946,1997.716504
rxn03249_c0_reverse,DLkcat,17.5041,31543.3946,1997.716504
rxn01286_c0,DLkcat,17.4512,54001.7695,386.6632525
rxn01100_c0,DLkcat,17.3688,42119.704,1484.523253
rxn01300_c0,DLkcat,17.3688,36215.2523,457.6363293
rxn00727_c0,DLkcat,17.3688,53536.4506,419.6515623
rxn06937_c0_num2,DLkcat,17.3107,54377.4674,1146.03572
rxn05617_c0_num2,DLkcat,17.3107,61321.1902,508.132016
rxn08311_c0,DLkcat,17.2724,31518.5888,1972.824367
rxn09996_c0_reverse,DLkcat,16.9928,28960.6729,1056.15778
rxn08890_c0_reverse,DLkcat,16.9928,28676.7342,176.4566469
rxn02811_c0_reverse_num1,DLkcat,16.9928,44508.9581,1374.421748
rxn01358_c0,DLkcat,16.965,28901.6059,1056.584887
rxn12641_c0_reverse_num1,DLkcat,16.9109,26711.8884,2279.106557
rxn02005_c0_reverse,DLkcat,16.8409,62216.1267,323.8998876
rxn08076_c0_reverse_num3,DLkcat,16.8206,193068.7376,156.8202101
rxn05560_c0_reverse_num4,DLkcat,16.8206,71245.7029,212.4835518
rxn02186_c0,DLkcat,78.3,35895.7825,7852.733117
rxn04750_c0,DLkcat,16.7134,31543.3946,1907.475107
rxn08933_c0_reverse,DLkcat,16.7134,63856.5077,471.1206592
rxn09109_c0_reverse,DLkcat,16.5407,19647.4776,1515.373149
rxn00612_c0_reverse,DLkcat,16.3557,36185.1273,1627.202235
rxn00338_c0,DLkcat,16.3516,51853.2274,567.6190562
rxn01101_c0_num1,DLkcat,16.2721,40980.7893,714.7197626
rxn01366_c0,DLkcat,16.2636,26537.9413,1103.117972
rxn05340_c0,DLkcat,16.2206,25525.2873,571.9246106
rxn05560_c0_num4,DLkcat,16.162,71245.7029,204.1638921
rxn08792_c0,DLkcat,16.0913,34791.3952,209.5904904
rxn08088_c0,DLkcat,15.7879,27474.6194,1034.344447
rxn03482_c0,DLkcat,15.7693,53899.5769,266.4096916
rxn05655_c0_reverse_num2,DLkcat,15.7637,62216.1267,912.1319987
rxn05329_c0_reverse,DLkcat,15.6755,16026.5332,3521.148292
rxn10199_c0_reverse,DLkcat,15.6755,73917.609,381.720951
rxn02679_c0_reverse,DLkcat,15.5555,41063.8695,1363.724381
rxn00693_c0_reverse_num2,DLkcat,15.5376,24049.6085,581.458114
rxn12641_c0_num2,DLkcat,15.5133,38522.6475,1449.74148
rxn00745_c0_reverse_num1,DLkcat,15.3345,8891.1318,3104.452911
rxn00161_c0,DLkcat,15.3083,41768.595,659.7047375
rxn01018_c0_num1,DLkcat,15.2918,39881.3353,345.0892478
rxn08669_c0,DLkcat,15.2237,27247.657,2011.377345
rxn08971_c0,DLkcat,15.2176,60630.1003,903.5670357
rxn08942_c0,DLkcat,15.1194,87848.4899,219.5115188
rxn08310_c0,DLkcat,14.8666,31518.5888,1698.037953
rxn00546_c0,DLkcat,14.8498,44577.5523,599.6210788
rxn00726_c0,DLkcat,14.8117,20963.0695,357.8688824
rxn00138_c0,DLkcat,14.8017,69573.6653,765.8949657
rxn05348_c0,DLkcat,14.4164,43139.3518,1203.055629
rxn00856_c0_reverse,DLkcat,14.3683,50230.2409,345.448288
rxn05326_c0_reverse,DLkcat,14.3632,41063.8695,1259.197456
rxn01669_c0_reverse,DLkcat,14.2866,46938.177,182.622346
rxn03164_c0,DLkcat,14.2484,49018.2541,523.2156973
rxn01343_c0,DLkcat,14.2009,34790.5059,367.3648793
rxn21861_c0,DLkcat,14.0936,25525.2873,496.928393
rxn01851_c0,DLkcat,13.9537,54001.7695,309.1697434
rxn23042_c0,DLkcat,13.9537,23800.2939,527.6544085
rxn00499_c0,DLkcat,13.902,34306.0623,181.0746799
rxn00527_c0_reverse_num1,DLkcat,13.8826,38081.1811,422.1974929
rxn08043_c0_num2,DLkcat,13.8517,18856.5087,2644.504388
rxn08941_c0,DLkcat,13.8177,87848.4899,200.6127434
rxn12633_c0_num1,DLkcat,13.816,26711.8884,1862.002388
rxn03933_c0_reverse,DLkcat,13.8087,39587.5421,627.8657042
rxn05610_c0_reverse_num3,DLkcat,13.7054,31143.5672,792.1289119
rxn00493_c0_num4,DLkcat,13.619,44232.1326,554.2170038
rxn08936_c0_reverse,DLkcat,13.5228,63856.5077,381.1833888
rxn05734_c0_reverse,DLkcat,13.5228,54001.7695,299.6223658
rxn06077_c0_reverse,DLkcat,13.5228,36177.1413,1345.658564
rxn10264_c0,DLkcat,13.4761,19647.4776,1234.610391
rxn00735_c0_reverse,DLkcat,13.4481,38564.9665,627.683159
rxn08016_c0_num1,DLkcat,13.4221,22151.7682,2181.295848
rxn00101_c0_num2,DLkcat,13.3223,21872.7948,266.1176389
rxn00337_c0_reverse,DLkcat,13.2034,43112.671,551.2560333
rxn05607_c0,DLkcat,13.0245,62216.1267,250.4993253
rxn03084_c0,DLkcat,12.9456,135481.9803,343.987886
rxn11946_c0_num1,DLkcat,12.8879,253566.1113,91.48785648
rxn03638_c0,DLkcat,12.8512,49149.7964,313.7640668
rxn06729_c0,DLkcat,12.8181,8343.089,1351.66177
rxn05610_c0_num4,DLkcat,12.7096,29899.1996,765.1469038
rxn00785_c0_num1,DLkcat,12.6996,33236.9178,1375.53549
rxn03435_c0_reverse,DLkcat,12.5688,35895.7825,1260.529144
rxn01859_c0,DLkcat,12.4284,28901.6059,774.0441856
rxn05349_c0,DLkcat,12.3393,8726.6991,1301.172567
rxn00461_c0,DLkcat,12.294,44074.7438,330.8005945
rxn00139_c0_reverse,DLkcat,12.1444,19614.3662,742.9901049
rxn08615_c0_reverse,DLkcat,12.1193,53713.5631,203.0654712
rxn05614_c0,DLkcat,12.1117,25690.2899,386.5976804
rxn01000_c0_num1,DLkcat,11.9934,42294.9745,255.2090438
rxn02320_c0_reverse_num2,DLkcat,11.9631,38571.7807,273.5521495
rxn06848_c0_reverse_num16,DLkcat,11.9573,49533.6117,217.2579311
rxn00192_c0_num8,DLkcat,11.9573,17523.0301,2456.554589
rxn15949_c0,DLkcat,11.9573,41845.1693,514.3518442
rxn00533_c0_num2,DLkcat,11.8907,31564.7865,1356.147934
rxn00506_c0,DLkcat,11.7953,54001.7695,261.3464439
rxn12636_c0_reverse_num1,DLkcat,11.7732,26711.8884,1586.691265
rxn00293_c0,DLkcat,11.7153,49149.7964,286.0308898
rxn08073_c0_num3,DLkcat,11.6395,193068.7376,108.5162738
rxn01682_c0_reverse,DLkcat,11.4893,43086.6229,289.1490538
rxn02159_c0,DLkcat,11.4601,45855.9126,899.6955389
rxn12639_c0_reverse_num2,DLkcat,11.4486,38522.6475,1069.889083
rxn08298_c0,DLkcat,11.4424,17917.1538,2299.061584
rxn05671_c0,DLkcat,11.2996,54301.234,124.8546212
rxn03175_c0,DLkcat,11.276,26040.6031,1558.857905
rxn01964_c0,DLkcat,11.2738,43086.6229,283.7256058
rxn03066_c0_reverse,DLkcat,11.2738,43917.5768,462.0664772
rxn03481_c0,DLkcat,11.2236,53899.5769,189.6137314
rxn12634_c0_reverse_num1,DLkcat,11.2154,26711.8884,1511.515749
rxn05610_c0_reverse_num4,DLkcat,11.2154,29899.1996,675.1926563
rxn00192_c0_num2,DLkcat,11.1992,16680.9247,2416.959535
rxn06848_c0_reverse_num21,DLkcat,11.163,15619.9012,643.1986907
rxn03445_c0,DLkcat,11.0239,39822.2915,498.2892559
rxn01799_c0,DLkcat,10.9999,28901.6059,685.0768109
rxn08131_c0_reverse,DLkcat,10.9968,47285.425,69.76864435
rxn00701_c0,DLkcat,10.9894,38186.8723,347.4454912
rxn05957_c0,DLkcat,10.7151,46096.3178,251.7868935
rxn06848_c0_reverse_num9,DLkcat,10.5153,17523.0301,2160.304456
rxn06865_c0_reverse_num9,DLkcat,10.4314,17523.0301,2143.067711
rxn20643_c0,DLkcat,10.2466,47285.425,65.0090382
rxn01466_c0,DLkcat,10.2466,32165.5492,1146.809581
rxn09177_c0,DLkcat,10.2466,27277.3273,338.0807767
rxn01211_c0,DLkcat,10.2221,30106.6758,611.1528261
rxn05175_c0_num1,DLkcat,10.1569,41226.2346,298.3991172
rxn12644_c0_reverse_num2,DLkcat,10.1163,38522.6475,945.3836214
rxn06023_c0_reverse,DLkcat,10.1092,13745.6425,2647.611416
rxn42230_c0,DLkcat,10.083,18685.5198,1942.61655
rxn00745_c0_num1,DLkcat,10.083,8891.1318,2041.292426
rxn16108_c0,DLkcat,10.0828,21862.6056,830.1407587
rxn10030_c0,DLkcat,10.0506,43139.3518,315.6591473
rxn05610_c0_num5,DLkcat,9.9364,15137.1643,1181.563445
rxn01652_c0,DLkcat,9.8647,45004.1033,394.552023
rxn02286_c0,DLkcat,9.8546,48711.7943,364.1475387
rxn05187_c0,DLkcat,9.8349,38538.9547,134.6519578
rxn12635_c0_reverse_num1,DLkcat,9.8349,26711.8884,1325.463759
rxn01084_c0,DLkcat,9.769,18685.5198,1882.120507
rxn03066_c0,DLkcat,9.7472,43917.5768,399.4974513
rxn01101_c0_reverse_num1,DLkcat,9.7303,40980.7893,427.3841548
rxn08890_c0,DLkcat,9.6993,40982.526,100.7194786
rxn00653_c0_reverse,DLkcat,9.3188,54474.5853,206.4750571
rxn00493_c0_num2,DLkcat,9.2699,38571.7807,211.9685592
rxn01200_c0_num2,DLkcat,9.2302,31044.9563,1070.34198
rxn01269_c0,DLkcat,9.1764,29994.873,1101.356222
rxn01101_c0_num2,DLkcat,9.1694,36037.6432,457.9911041
rxn00262_c0,DLkcat,9.1694,51853.2274,318.3007274
rxn00910_c0_reverse,DLkcat,9.153,31766.0372,259.3241312
rxn08123_c0_num1,DLkcat,9.153,27386.5376,1203.175096
rxn05339_c0,DLkcat,9.123,25525.2873,321.6692491
rxn01871_c0_reverse,DLkcat,9.0905,264014.081,61.97737612
rxn12646_c0_num1,DLkcat,9.0499,26711.8884,1219.668168
rxn21857_c0_reverse,DLkcat,9.0499,25525.2873,319.0918051
rxn01200_c0_num1,DLkcat,9.0467,33236.9178,979.8778634
rxn03409_c0,DLkcat,9.0159,49430.8004,656.619754
rxn00187_c0_num1,DLkcat,9.0159,76063.3825,426.7130771
rxn06848_c0_reverse_num18,DLkcat,8.9432,34488.6362,466.7554816
rxn05610_c0_reverse_num1,DLkcat,8.9276,62481.4103,171.7039254
rxn08127_c0,DLkcat,8.9276,58648.983,273.99759
rxn02835_c0,DLkcat,8.8675,12349.9217,1292.437344
rxn00493_c0_reverse_num5,DLkcat,8.8573,44525.9756,358.0637995
rxn17731_c0,DLkcat,8.8207,35754.5294,444.0628996
rxn00775_c0,DLkcat,8.7861,20198.8417,1565.929397
rxn01646_c0_reverse,DLkcat,8.7109,28901.6059,542.5172585
rxn01492_c0,DLkcat,8.6652,33339.7552,467.8306696
rxn05226_c0_num1,DLkcat,8.6377,62216.1267,499.8016053
rxn00693_c0_num1,DLkcat,8.6035,84975.2188,91.12244851
rxn08128_c0_reverse,DLkcat,8.6035,58648.983,264.0506145
rxn05617_c0_num3,DLkcat,8.5657,16008.0925,963.1541047
rxn01626_c0,DLkcat,8.5566,50642.8468,608.2549056
rxn01985_c0_reverse,DLkcat,8.5201,28901.6059,530.6341818
rxn01361_c0_reverse_num1,DLkcat,8.4566,26956.004,564.6934909
rxn06865_c0_reverse_num21,DLkcat,8.4141,15619.9012,484.8103649
rxn05465_c0_reverse_num1,DLkcat,8.319,31641.6318,473.2436081
rxn00952_c0,DLkcat,8.3156,53553.0483,195.4026646
rxn02929_c0_reverse,DLkcat,8.303,27572.061,271.0243532
rxn06848_c0_reverse_num11,DLkcat,8.2773,22224.5358,670.3915049
rxn00003_c0_reverse_num2,DLkcat,8.25,57301.058,259.1575185
rxn05334_c0_reverse,DLkcat,8.25,16026.5332,1853.176831
rxn01268_c0_num2,DLkcat,8.2476,44188.2461,671.9289092
rxn05465_c0_reverse_num2,DLkcat,8.2268,8343.089,867.5116477
rxn02011_c0,DLkcat,8.19,52427.5341,281.1881248
rxn03005_c0_reverse,DLkcat,8.1419,22743.9066,1288.733748
rxn00647_c0,DLkcat,8.1157,44525.9756,109.4876811
rxn00806_c0,DLkcat,8.1157,40254.5762,725.7937546
rxn00101_c0_num1,DLkcat,8.1157,13183.7435,342.9766341
rxn05617_c0_num1,DLkcat,8.1063,62481.4103,155.9079182
rxn00493_c0_reverse_num2,DLkcat,8.0703,38571.7807,184.538114
rxn01366_c0_reverse,DLkcat,8.0245,26537.9413,544.2811044
rxn05157_c0_num5,DLkcat,8.0206,30563.5291,944.7259806
rxn00745_c0_reverse_num2,DLkcat,8.0176,9997.3685,1443.54787
rxn00527_c0_reverse_num5,DLkcat,8.0176,44525.9756,324.118221
rxn05518_c0_num2,DLkcat,7.9922,12390.9358,1161.006742
rxn00781_c0_num2,DLkcat,7.9613,36007.4642,198.9912414
rxn06874_c0_num3,DLkcat,7.952,30133.2332,475.010428
rxn00543_c0_reverse,DLkcat,7.9435,39940.3607,123.7947302
rxn05569_c0,DLkcat,7.9156,62481.4103,152.240198
rxn12645_c0_reverse_num2,DLkcat,7.8923,38522.6475,737.5474388
rxn12638_c0_num1,DLkcat,7.8731,26711.8884,1061.069123
rxn05293_c0,DLkcat,7.8731,38213.9798,741.6961057
rxn03004_c0,DLkcat,7.8599,22743.9066,1244.097617
rxn02003_c0_reverse,DLkcat,7.8267,30610.2982,460.2392276
rxn01388_c0_reverse,DLkcat,7.8169,69246.7188,406.3851759
rxn02400_c0_num2,DLkcat,7.7931,33236.0714,844.1178159
rxn06865_c0_reverse_num11,DLkcat,7.7734,22224.5358,629.5798538
rxn00298_c0,DLkcat,7.755,47773.0686,584.3878323
rxn27289_c0_reverse,DLkcat,7.7548,27508.304,253.7168413
rxn01200_c0_reverse_num1,DLkcat,7.7269,33236.9178,836.9259799
rxn05183_c0,DLkcat,7.726,,541.3251487
rxn03958_c0_reverse,DLkcat,7.6761,41899.735,659.5258896
rxn02789_c0_reverse_num3,DLkcat,7.6656,17611.8734,1566.906562
rxn03194_c0_num1,DLkcat,7.6525,18856.5087,349.3393504
rxn05460_c0,DLkcat,7.6496,43139.3518,638.3628601
rxn00527_c0_num4,DLkcat,7.5312,44232.1326,306.4776488
rxn05226_c0_num3,DLkcat,7.5312,16965.2711,1598.107088
rxn01859_c0_reverse,DLkcat,7.5046,28901.6059,467.3885613
rxn00304_c0,DLkcat,7.453,51716.516,259.4026249
rxn00840_c0,DLkcat,7.453,51716.516,259.4026249
rxn01354_c0,DLkcat,7.453,51716.516,259.4026249
rxn01370_c0,DLkcat,7.453,38127.2625,351.8584635
rxn01510_c0,DLkcat,7.453,38127.2625,351.8584635
rxn10954_c0,DLkcat,7.452,43139.3518,621.8730435
rxn08124_c0_num1,DLkcat,7.4341,27386.5376,977.2232033
rxn01361_c0_num1,DLkcat,7.4341,26956.004,496.4155666
rxn08123_c0_num3,DLkcat,7.4026,193068.7376,69.01521275
rxn03904_c0,DLkcat,7.3695,36400.6488,364.4193287
rxn05158_c0_num2,DLkcat,7.3451,34637.6912,763.3984565
rxn03445_c0_reverse,DLkcat,7.258,39822.2915,328.0675096
rxn05158_c0_num4,DLkcat,7.209,51004.0414,508.8302669
rxn14048_c0_reverse_num1,DLkcat,7.2085,7181.5618,301.1253068
rxn42709_c0_reverse,DLkcat,7.1291,41697.2338,31.08587701
rxn00917_c0_num2,DLkcat,7.1193,56443.8853,227.0350443
rxn03446_c0,DLkcat,7.0518,55234.0242,229.8083506
rxn05175_c0_num2,DLkcat,7.0319,32003.6501,790.9985243
rxn08548_c0,DLkcat,6.9953,8343.089,737.6506332
rxn08546_c0,DLkcat,6.9953,8343.089,737.6506332
rxn08438_c0,DLkcat,6.9953,27289.9038,307.599472
rxn00608_c0,DLkcat,6.8956,52645.8713,116.4956383
rxn00175_c0,DLkcat,6.845,61898.898,132.7002623
rxn04056_c0,DLkcat,6.8419,31797.7891,387.3042859
rxn00192_c0_num7,DLkcat,6.8065,20145.7988,1216.303222
rxn00555_c0_reverse,DLkcat,6.7644,64945.9138,187.4778456
rxn04113_c0,DLkcat,6.6804,72684.7456,330.8732775
rxn05465_c0_num2,DLkcat,6.6196,8343.089,698.0332697
rxn10195_c0,DLkcat,6.6168,26559.6054,168.9992422
rxn00533_c0_num1,DLkcat,6.6168,29478.3358,808.0673265
rxn00745_c0_reverse_num4,DLkcat,6.5962,9691.0264,1225.170535
rxn00745_c0_reverse_num3,DLkcat,6.5962,9078.3017,2615.722718
rxn00527_c0_num5,DLkcat,6.5951,44525.9756,266.6124625
rxn06848_c0_reverse_num8,DLkcat,6.5487,20122.8261,1171.571025
rxn06865_c0_reverse_num8,DLkcat,6.5472,20122.8261,1171.302673
rxn10770_c0_num2,DLkcat,6.5387,40176.5052,292.9488252
rxn00474_c0,DLkcat,6.4943,28436.1427,163.4408276
rxn03249_c0,DLkcat,6.484,31543.3946,740.0091302
rxn05518_c0_num3,DLkcat,6.4391,49393.2392,234.6551914
rxn00322_c0,DLkcat,6.4253,46895.3223,493.2491956
rxn01465_c0_reverse,DLkcat,6.3715,44760.4447,256.2239959
rxn05039_c0_num9,DLkcat,6.3588,25779.2563,443.9941892
rxn00527_c0_reverse_num4,DLkcat,6.3588,44232.1326,258.7675368
rxn00763_c0,DLkcat,6.3005,39940.3607,98.18955092
rxn10196_c0,DLkcat,6.2646,26559.6054,160.0037258
rxn00171_c0_num2,DLkcat,6.237,95529.8896,97.19994113
rxn06848_c0_reverse_num14,DLkcat,6.2313,20145.7988,1113.516531
rxn08892_c0_reverse,DLkcat,6.2183,43462.9525,515.0565876
rxn00499_c0_reverse,DLkcat,6.2183,34306.0623,80.99386291
rxn06874_c0_num5,DLkcat,6.2153,50447.3135,221.7668142
rxn02484_c0,DLkcat,6.1822,27479.2195,404.9591001
rxn00179_c0,DLkcat,6.0868,29163.1379,62.61466123
rxn05567_c0_reverse,DLkcat,6.0586,62481.4103,116.5246429
rxn06865_c0_reverse_num19,DLkcat,6.0223,16680.9247,1299.704926
rxn01985_c0,DLkcat,6.0096,28901.6059,374.2795483
rxn05610_c0_reverse_num2,DLkcat,6.0086,18734.39,577.3062267
rxn03150_c0,DLkcat,5.9482,25017.0731,855.9562469
rxn02285_c0,DLkcat,5.9454,32129.3783,222.0547168
rxn08535_c0_reverse_num2,DLkcat,5.9242,31143.5672,342.4000832
rxn00799_c0_reverse_num2,DLkcat,5.8892,30093.0597,352.2592952
rxn12634_c0_reverse_num2,DLkcat,5.8892,38522.6475,550.3546972
rxn06865_c0_reverse_num14,DLkcat,5.8557,20145.7988,1046.397823
rxn05144_c0_num2,DLkcat,5.8443,31505.9387,55.64950839
rxn02507_c0,DLkcat,5.7797,28887.8966,360.1321392
rxn00745_c0_num4,DLkcat,5.7794,9691.0264,1073.459051
rxn03135_c0_reverse_num2,DLkcat,5.7794,21747.8374,956.685468
rxn05338_c0_reverse,DLkcat,5.7217,25525.2873,201.7422934
rxn03052_c0_reverse,DLkcat,5.7217,86287.6334,238.7146244
rxn00745_c0_num2,DLkcat,5.6982,9997.3685,1025.945978
rxn08300_c0_reverse,DLkcat,5.6962,17917.1538,1144.507673
rxn00127_c0,DLkcat,5.689,36441.319,562.0103927
rxn00250_c0,DLkcat,5.6848,126891.8898,161.2812295
rxn02895_c0,DLkcat,5.5766,44088.9668,455.3465744
rxn02373_c0_reverse,DLkcat,5.4863,44068.7822,37.348207
rxn05338_c0,DLkcat,5.4405,25525.2873,191.8274197
rxn01740_c0,DLkcat,5.4274,29910.9134,326.6138974
rxn05485_c0,DLkcat,5.3909,62481.4103,103.6828141
rxn00171_c0_num1,DLkcat,5.3435,95529.8896,100.6836713
rxn08891_c0_reverse,DLkcat,5.3435,48168.5051,38.20085934
rxn00527_c0_num3,DLkcat,5.2994,44665.6693,213.5626791
rxn05226_c0_num2,DLkcat,5.2994,62481.4103,152.6681289
rxn04016_c0_reverse,DLkcat,5.2948,29597.6032,644.0143099
rxn12644_c0_num2,DLkcat,5.2449,38522.6475,490.1438822
rxn01333_c0_reverse,DLkcat,5.2068,23203.8948,807.8161085
rxn01602_c0,DLkcat,5.1996,43214.1362,433.158259
rxn03047_c0,DLkcat,5.1946,27207.1966,343.6693658
rxn01128_c0,DLkcat,5.1946,38127.2625,245.2386924
rxn00460_c0,DLkcat,5.1946,51716.516,180.798722
rxn00411_c0,DLkcat,5.1946,51716.516,180.798722
rxn01129_c0,DLkcat,5.1946,38127.2625,245.2386924
rxn00712_c0,DLkcat,5.1946,38127.2625,245.2386924
rxn00817_c0,DLkcat,5.1836,83165.9913,113.2551491
rxn01257_c0_reverse,DLkcat,5.1513,20963.0695,442.3178581
rxn00781_c0_reverse_num2,DLkcat,5.13,36007.4642,128.2234143
rxn05039_c0_num6,DLkcat,5.1041,27897.309,164.6642692
rxn08123_c0_reverse_num3,DLkcat,5.1006,193068.7376,47.55342638
rxn08123_c0_reverse_num2,DLkcat,5.1006,101425.4128,45.26025454
rxn08124_c0_reverse_num2,DLkcat,5.1006,101425.4128,45.26025454
rxn02811_c0_reverse_num2,DLkcat,5.0871,17611.8734,294.8054551
rxn05163_c0_num1,DLkcat,5.0583,70668.273,257.6811237
rxn12636_c0_num1,DLkcat,5.0455,26711.8884,679.9893638
rxn03907_c0,DLkcat,5.0455,24814.5007,365.9916478
rxn09211_c0,DLkcat,5.0368,22180.304,136.2506123
rxn00816_c0_reverse,DLkcat,5.0024,86181.1767,45.19526096
rxn00993_c0,DLkcat,4.996,32330.4336,556.305561
rxn05219_c0_num1,DLkcat,4.9927,38165.926,235.4681503
rxn08076_c0_num3,DLkcat,4.928,193068.7376,45.94425856
rxn00926_c0,DLkcat,4.9254,64963.575,136.4721692
rxn00838_c0,DLkcat,4.9053,45288.1455,194.9636026
rxn08070_c0,DLkcat,4.8733,35985.8249,66.72151075
rxn06848_c0_reverse_num2,DLkcat,4.7843,35301.6932,243.9469391
rxn01019_c0,DLkcat,4.7479,32816.3355,43.40429784
rxn02937_c0,DLkcat,4.7234,36308.4838,468.3269093
rxn01548_c0_reverse,DLkcat,4.6596,28901.6059,290.2011753
rxn08891_c0,DLkcat,4.6375,39178.264,33.15364184
rxn00686_c0,DLkcat,4.6235,43214.1362,385.1656301
rxn06865_c0_reverse_num2,DLkcat,4.609,35301.6932,235.0085576
rxn02200_c0_num2,DLkcat,4.5867,18662.3424,884.7828234
rxn05170_c0_num3,DLkcat,4.5297,28517.2491,108.9418237
rxn08766_c0,DLkcat,4.527,35742.3968,227.9813535
rxn01000_c0_num2,DLkcat,4.5046,42294.9745,95.85394123
rxn01972_c0_reverse,DLkcat,4.4679,46808.8917,171.809665
rxn01575_c0,DLkcat,4.4063,40254.5762,394.0590486
rxn06874_c0_num7,DLkcat,4.3574,50780.7016,308.9094775
rxn04413_c0,DLkcat,4.3534,18685.5198,838.7371702
rxn05339_c0_reverse,DLkcat,4.3091,25525.2873,151.9352145
rxn11676_c0_reverse,DLkcat,4.3091,11171.041,694.3292035
rxn01670_c0,DLkcat,4.3031,83091.6785,70.54610483
rxn14048_c0_reverse_num2,DLkcat,4.2577,38356.6351,33.30088775
rxn06848_c0_reverse_num15,DLkcat,4.2559,29579.636,258.982903
rxn21863_c0,DLkcat,4.2559,41063.8695,373.1075563
rxn08076_c0_num2,DLkcat,4.2327,101425.4128,37.5589302
rxn05175_c0_num4,DLkcat,4.1782,70668.273,212.8468599
rxn08129_c0_reverse,DLkcat,4.1478,58648.983,127.3004171
rxn10256_c0,DLkcat,4.1021,17917.1538,824.2134976
rxn10257_c0,DLkcat,4.1021,17917.1538,824.2134976
rxn10258_c0,DLkcat,4.1021,17917.1538,824.2134976
rxn10255_c0,DLkcat,4.1021,17917.1538,824.2134976
rxn10254_c0,DLkcat,4.1021,17917.1538,824.2134976
rxn05323_c0_reverse,DLkcat,4.099,41063.8695,359.3523986
rxn09113_c0,DLkcat,4.0746,19647.4776,373.2937199
rxn01396_c0,DLkcat,4.0746,30459.5707,240.7873726
rxn06865_c0_reverse_num23,DLkcat,4.0677,17830.8762,821.2563329
rxn05039_c0_num10,DLkcat,4.0253,26252.9301,551.9795293
rxn05219_c0_num2,DLkcat,4.0217,25690.2899,128.3700794
rxn07441_c0,DLkcat,4.0187,43511.554,166.2468778
rxn10770_c0_reverse_num2,DLkcat,4.0079,40176.5052,179.5631542
rxn10344_c0_num5,DLkcat,4.0024,93002.7445,154.9270409
rxn00189_c0_num1,DLkcat,3.9478,69573.6653,204.2738433
rxn00611_c0,DLkcat,3.9391,36185.1273,391.8947108
rxn12510_c0,DLkcat,3.9122,27207.1966,258.8271075
rxn03962_c0_reverse,DLkcat,3.9095,35480.1338,396.6783237
rxn00692_c0_reverse,DLkcat,999,45004.1033,79912.7132
rxn00575_c0,DLkcat,3.85,55331.8482,125.2443254
rxn05560_c0_num2,DLkcat,3.7897,71245.7029,47.87278195
rxn05610_c0_num1,DLkcat,3.7897,62481.4103,72.8870431
rxn01265_c0,DLkcat,3.7887,54166.3485,251.8043098
rxn05617_c0_reverse_num3,DLkcat,3.7627,16008.0925,423.0897591
rxn08933_c0,DLkcat,3.733,63856.5077,105.22655
rxn01334_c0_reverse_num2,DLkcat,3.7128,32755.9571,408.0503574
rxn00189_c0_num3,DLkcat,3.7031,38949.4248,171.1342346
rxn05734_c0,DLkcat,3.6931,54001.7695,81.82738481
rxn00758_c0,DLkcat,3.6774,27247.657,485.8634267
rxn05607_c0_reverse,DLkcat,3.6665,62481.4103,70.51754586
rxn08352_c0,DLkcat,3.6601,72684.7456,181.2809537
rxn05613_c0,DLkcat,3.6528,30701.8229,116.5950285
rxn02200_c0_reverse_num2,DLkcat,3.6232,18662.3424,698.9219103
rxn15947_c0_reverse,DLkcat,3.6197,44744.5419,145.6146319
rxn08124_c0_reverse_num3,DLkcat,3.5898,193068.7376,33.46808023
rxn12642_c0_reverse_num2,DLkcat,3.5555,38522.6475,332.2668827
rxn01101_c0_reverse_num2,DLkcat,3.5524,36037.6432,177.4344666
rxn00048_c0,DLkcat,3.5503,22392.2594,570.7811691
rxn01213_c0,DLkcat,3.5469,32165.5492,396.9725473
rxn06865_c0_reverse_num20,DLkcat,3.5462,25011.1277,127.6064014
rxn02155_c0_reverse,DLkcat,3.5025,23134.2975,272.5174603
rxn00184_c0_reverse_num1,DLkcat,3.4385,53598.5141,115.4752161
rxn05157_c0_num3,DLkcat,3.4173,25854.9119,475.8198383
rxn00974_c0_reverse,DLkcat,3.4156,69246.7188,177.5702909
rxn00493_c0_reverse_num4,DLkcat,3.4123,44232.1326,138.8614936
rxn08089_c0,DLkcat,3.389,22151.7682,550.7641598
rxn00786_c0_reverse_num2,DLkcat,3.3705,32755.9571,370.4303301
rxn12646_c0_reverse_num1,DLkcat,3.369,26711.8884,454.0450236
rxn09310_c0,DLkcat,3.3617,42983.4907,70.38818743
rxn00256_c0_reverse,DLkcat,2100,52175.0816,144896.7547
rxn00693_c0_reverse_num1,DLkcat,3.3432,84975.2188,35.40891147
rxn09113_c0_reverse,DLkcat,3.3432,19647.4776,306.2866452
rxn00392_c0_reverse,DLkcat,3.3432,34384.0723,116.6772791
rxn05655_c0_reverse_num1,DLkcat,3.3432,50079.4612,120.1642321
rxn02789_c0_reverse_num1,DLkcat,3.3432,44508.9581,270.4066892
rxn00912_c0_reverse,DLkcat,3.3432,29725.0658,40.48946462
rxn00993_c0_reverse,DLkcat,3.3432,32330.4336,372.2659631
rxn00701_c0_reverse,DLkcat,3.3432,38186.8723,105.700017
rxn08124_c0_reverse_num1,DLkcat,3.3432,27386.5376,439.4684781
rxn05336_c0_reverse,DLkcat,3.3432,25525.2873,117.878399
rxn05226_c0_num6,DLkcat,3.332,9078.3017,1321.304402
rxn03838_c0,DLkcat,3.3041,83165.9913,72.19043488
rxn02320_c0_reverse_num1,DLkcat,3.3022,40146.5918,100.4264735
rxn01459_c0,DLkcat,3.2469,54001.7695,71.94100775
rxn05333_c0_reverse,DLkcat,3.2385,16026.5332,727.4561413
rxn00789_c0_reverse_num2,DLkcat,3.2305,23192.9979,501.4358234
rxn00527_c0_num1,DLkcat,3.2288,38081.1811,98.19423343
rxn12633_c0_num2,DLkcat,3.2062,38522.6475,299.6242665
rxn08123_c0_num2,DLkcat,3.1862,101425.4128,28.27279595
rxn05337_c0,DLkcat,3.1751,25525.2873,111.9513354
rxn01268_c0_num1,DLkcat,3.1673,29994.873,380.1409661
rxn10309_c0,DLkcat,3.152,45484.6269,20.78944172
rxn10220_c0,DLkcat,3.152,31518.5888,360.0161185
rxn08040_c0,DLkcat,3.152,45484.6269,20.78944172
rxn10224_c0,DLkcat,3.152,31518.5888,360.0161185
rxn10307_c0,DLkcat,3.152,45484.6269,20.78944172
rxn10308_c0,DLkcat,3.152,45484.6269,20.78944172
rxn10222_c0,DLkcat,3.152,31518.5888,360.0161185
rxn10312_c0,DLkcat,3.152,45484.6269,20.78944172
rxn01653_c0,DLkcat,3.1137,20928.238,535.607441
rxn12635_c0_num1,DLkcat,3.1046,26711.8884,418.4114516
rxn06672_c0,DLkcat,3.0894,15815.8865,87.22210436
rxn08668_c0,DLkcat,3.0676,27247.657,405.2957654
rxn06874_c0_num6,DLkcat,3.0557,29735.9399,184.9701075
rxn01515_c0,DLkcat,3.0557,38127.2625,144.2605537
rxn00184_c0_num2,DLkcat,3.0471,66181.3001,82.87507184
rxn03933_c0,DLkcat,3.0413,39587.5421,138.2844125
rxn05567_c0,DLkcat,3.0371,62481.4103,58.41233834
rxn12640_c0_reverse_num2,DLkcat,3.0306,38522.6475,283.2141794
rxn10253_c0_reverse,DLkcat,3.0306,17917.1538,608.9226069
rxn43581_c0,DLkcat,3.0249,38213.9798,284.9648233
rxn00693_c0_num2,DLkcat,3.0152,24049.6085,112.8367641
rxn02811_c0_reverse_num3,DLkcat,2.984,17611.8734,609.9521474
rxn06848_c0_reverse_num12,DLkcat,2.976,49217.9892,108.8382538
rxn00929_c0_reverse,DLkcat,2.9584,28013.1376,380.1873304
rxn00670_c0_reverse,DLkcat,2.9584,34902.0831,76.28656411
rxn03194_c0_reverse_num1,DLkcat,2.9584,60003.7742,135.0520136
rxn00650_c0_reverse_num1,DLkcat,2.9584,26711.8884,398.7078652
rxn00817_c0_reverse,DLkcat,2.9525,81603.2059,64.5084165
rxn00808_c0,DLkcat,2.9525,45544.0173,77.30108475
rxn02200_c0_reverse_num1,DLkcat,2.9357,43214.1362,244.5616395
rxn01647_c0_reverse,DLkcat,2.9267,28901.6059,182.2756845
rxn00745_c0_num3,DLkcat,2.909,9078.3017,1153.563777
rxn12846_c0_reverse_num1,DLkcat,2.9032,26711.8884,391.268481
rxn00194_c0,DLkcat,2.9028,52800.7339,197.9154309
rxn08551_c0,DLkcat,2.893,35301.6932,147.5113381
rxn00493_c0_num1,DLkcat,2.8895,40146.5918,87.87544521
rxn05645_c0,DLkcat,2.8859,20630.7441,251.7902396
rxn06874_c0_num2,DLkcat,2.8771,52346.3964,98.93288471
rxn00785_c0_reverse_num1,DLkcat,2.8751,33236.9178,311.4115473
rxn09996_c0,DLkcat,2.8746,28960.6729,178.6657381
rxn05332_c0_reverse,DLkcat,2.873,16026.5332,645.354792
rxn02008_c0,DLkcat,2.8685,50143.047,51.48570249
rxn05157_c0_num1,DLkcat,2.8582,45383.97,226.7214613
rxn00917_c0_num1,DLkcat,2.8506,56443.8853,90.90586115
rxn05341_c0,DLkcat,2.819,25525.2873,99.39555117
rxn02834_c0,DLkcat,2.819,12171.5516,208.4450761
rxn00719_c0_num2,DLkcat,2.8125,44057.1383,229.8151989
rxn05938_c0_reverse,DLkcat,109,127392.6304,3080.240974
rxn05645_c0_reverse,DLkcat,2.7864,20630.7441,243.109021
rxn08127_c0_reverse,DLkcat,2.7864,58648.983,85.51759542
rxn03039_c0,DLkcat,2.7753,19614.3662,169.7918743
rxn00423_c0,DLkcat,2.7721,24314.5129,205.2181765
rxn08128_c0,DLkcat,2.7138,58648.983,83.28942379
rxn02305_c0,DLkcat,2.7138,23800.2939,102.6214218
rxn05232_c0,DLkcat,2.7138,88436.0643,110.4716733
rxn08535_c0_num1,DLkcat,2.7138,18734.39,260.7418763
rxn05608_c0,DLkcat,2.7138,41198.2806,237.1380518
rxn08869_c0,DLkcat,2.7138,41198.2806,237.1380518
rxn00355_c0,DLkcat,2.7138,38186.8723,85.8006419
rxn05163_c0_num4,DLkcat,2.7138,32003.6501,305.2676795
rxn05236_c0,DLkcat,2.7138,88436.0643,110.4716733
rxn06865_c0_reverse_num15,DLkcat,2.7085,29579.636,164.8194724
rxn06848_c0_reverse_num10,DLkcat,2.7085,65130.6125,149.7084032
rxn06934_c0_num3,DLkcat,2.7064,48672.2481,100.0882472
rxn05327_c0_reverse,DLkcat,2.688,41063.8695,235.6524146
rxn02474_c0,DLkcat,2.688,39696.2889,243.7708982
rxn01301_c0,DLkcat,2.6586,44779.9054,106.866684
rxn06865_c0_reverse_num10,DLkcat,2.6552,65130.6125,146.7623232
rxn00189_c0_num2,DLkcat,2.6432,116300.9875,40.90902496
rxn05465_c0_num1,DLkcat,2.6274,31641.6318,149.4651107
rxn00863_c0,DLkcat,2.6032,45855.9126,204.3688473
rxn06865_c0_reverse_num12,DLkcat,2.5935,49217.9892,94.84946614
rxn06848_c0_reverse_num1,DLkcat,2.5821,23365.6752,397.829719
rxn01652_c0_reverse,DLkcat,2.5531,45004.1033,102.1146887
rxn12845_c0_reverse_num1,DLkcat,2.5531,26711.8884,344.0849955
rxn12634_c0_num2,DLkcat,2.5435,38522.6475,237.6939435
rxn08129_c0,DLkcat,2.5217,58648.983,77.39366938
rxn05617_c0_reverse_num4,DLkcat,2.5012,61321.1902,73.4193186
rxn05039_c0_num8,DLkcat,2.5012,25058.9918,179.6624555
rxn05039_c0_num7,DLkcat,2.5012,30773.5129,146.2998396
rxn12641_c0_reverse_num2,DLkcat,2.5012,38522.6475,233.7409442
rxn00649_c0,DLkcat,2.491,32370.7911,141.383787
rxn00109_c0_reverse,DLkcat,2.4757,59181.5069,52.31770896
rxn12633_c0_reverse_num2,DLkcat,2.474,38522.6475,231.1990628
rxn03901_c0_num2,DLkcat,2.4631,29605.0515,299.5151013
rxn01675_c0,DLkcat,2.4427,31299.6853,140.4761728
rxn08123_c0_reverse_num1,DLkcat,2.4267,27386.5376,318.9932268
rxn01649_c0,DLkcat,2.4054,28901.6059,149.8089765
rxn03068_c0_reverse,DLkcat,2.3811,35895.7825,238.8013132
rxn02503_c0,DLkcat,2.3628,18662.3424,455.7884438
rxn12642_c0_num2,DLkcat,2.3391,38522.6475,218.5924527
rxn02003_c0,DLkcat,2.3068,30610.2982,135.6484662
rxn01302_c0,DLkcat,2.2919,44779.9054,92.12659033
rxn02789_c0_reverse_num2,DLkcat,2.2742,17611.8734,131.7934709
rxn00493_c0_num5,DLkcat,2.2358,44525.9756,90.38409481
rxn05462_c0_reverse,DLkcat,2.2024,16026.5332,494.7195941
rxn05377_c0_reverse,DLkcat,2.2024,16026.5332,494.7195941
rxn08126_c0_reverse,DLkcat,2.1312,58648.983,65.40880683
rxn05322_c0_reverse,DLkcat,2.113,41063.8695,185.2431369
rxn08126_c0,DLkcat,2.0635,58648.983,63.33102144
rxn06865_c0_reverse_num18,DLkcat,2.042,34488.6362,106.5742344
rxn30018_c0,DLkcat,2.0259,55331.8482,65.90453995
rxn00719_c0_reverse_num1,DLkcat,2.0183,27156.1206,267.5595718
rxn00227_c0,DLkcat,1.9508,10303.6172,681.5936446
rxn05039_c0_num11,DLkcat,1.8915,39681.1432,85.80145947
rxn14048_c0_reverse_num4,DLkcat,1.8826,21584.7523,26.1656929
rxn03397_c0,DLkcat,1.8742,20631.3469,27.25270448
rxn00192_c0_num3,DLkcat,1.857,19245.6171,173.6811027
rxn09023_c0,DLkcat,1.827,41697.2873,157.7368799
rxn01480_c0_reverse,DLkcat,1.826,31543.3946,208.398623
rxn05610_c0_num3,DLkcat,1.8123,31143.5672,104.7452265
rxn02914_c0_reverse,DLkcat,2.49,39822.2915,225.1000548
rxn01138_c0_reverse,DLkcat,1.7713,28901.6059,110.3170534
rxn01100_c0_reverse,DLkcat,2633,42119.704,31515
rxn12844_c0_reverse_num1,DLkcat,1.7694,26711.8884,238.4646081
rxn10194_c0_reverse,DLkcat,1.7694,34711.7962,45.19212598
rxn05325_c0_reverse,DLkcat,1.754,41063.8695,153.770214
rxn04750_c0_reverse,DLkcat,1.7257,31543.3946,196.9515355
rxn00903_c0,DLkcat,1.7043,40254.5762,152.4169568
rxn47768_c0_reverse,DLkcat,1.6987,43139.3518,141.7573456
rxn06865_c0_reverse_num6,DLkcat,1.6552,76728.801,77.65949581
rxn09022_c0_reverse,DLkcat,1.6516,41697.2873,142.5934488
rxn06848_c0_reverse_num6,DLkcat,1.6006,76728.801,75.09774589
rxn00493_c0_num3,DLkcat,1.593,44665.6693,64.19695585
rxn01917_c0_reverse,DLkcat,1.5895,30582.1678,93.55451905
rxn12646_c0_num2,DLkcat,1.5671,38522.6475,146.4478785
rxn08084_c0,DLkcat,1.5573,22151.7682,253.0849885
rxn03910_c0_reverse,DLkcat,1.5551,16757.1133,111.3628563
rxn01259_c0,DLkcat,1.5519,63856.5077,43.74526733
rxn12646_c0_reverse_num2,DLkcat,1.5261,38522.6475,142.6163661
rxn02285_c0_reverse,DLkcat,1.4882,32129.3783,55.58277485
rxn21861_c0_reverse,DLkcat,1.4882,25525.2873,52.4726709
rxn03908_c0,DLkcat,1.4882,24814.5007,107.9513963
rxn02400_c0_num1,DLkcat,1.4882,53405.8044,24.3979255
rxn01669_c0,DLkcat,1.4882,46938.177,19.02332082
rxn12638_c0_num2,DLkcat,1.4882,38522.6475,139.0745535
rxn00792_c0,DLkcat,1.4882,30773.5129,60.46122574
rxn00113_c0,DLkcat,1.4882,59892.8313,22.36294346
rxn05331_c0_reverse,DLkcat,1.4564,16026.5332,327.1474832
rxn05330_c0_reverse,DLkcat,1.4141,16026.5332,317.6457401
rxn05144_c0_num1,DLkcat,1.3526,20708.8623,19.59450954
rxn10253_c0,DLkcat,1.3375,17917.1538,268.7368794
rxn00785_c0_num2,DLkcat,1.3369,31044.9563,155.028081
rxn16574_c0,DLkcat,1.3226,17186.5321,277.0401831
rxn10315_c0_reverse,DLkcat,1.3143,45484.6269,8.668643163
rxn10262_c0_reverse,DLkcat,1.3143,19647.4776,120.4093496
rxn10264_c0_reverse,DLkcat,1.3143,19647.4776,120.4093496
rxn05496_c0_reverse,DLkcat,1.3143,46742.6067,101.2241365
rxn10260_c0_reverse,DLkcat,1.3143,19647.4776,120.4093496
rxn05226_c0_num7,DLkcat,1.3103,25011.1277,47.14981324
rxn09110_c0_reverse,DLkcat,1.3016,19647.4776,119.2458415
rxn14048_c0_reverse_num3,DLkcat,1.268,28214.8718,13.48225158
rxn00250_c0_reverse,DLkcat,60,126891.8898,1702.23645
rxn03062_c0_reverse,DLkcat,1.2496,38564.9665,58.32443806
rxn09112_c0_reverse,DLkcat,1.2496,19647.4776,114.4818712
rxn05655_c0_reverse_num3,DLkcat,1.2496,62481.4103,35.99918743
rxn05617_c0_reverse_num2,DLkcat,1.2496,61321.1902,36.68030566
rxn02803_c0_reverse,DLkcat,1.2496,41063.8695,109.5503189
rxn07977_c0_reverse,DLkcat,1.2496,16026.5332,280.6945173
rxn01636_c0,DLkcat,1.2496,42578.196,52.82703852
rxn00799_c0_reverse_num1,DLkcat,1.2496,19929.8441,112.8598894
rxn05342_c0_reverse,DLkcat,1.2496,25525.2873,44.05983709
rxn00686_c0_reverse,DLkcat,1.2473,43214.1362,103.9076653
rxn09108_c0_reverse,DLkcat,1.2393,19647.4776,113.5382386
rxn06848_c0_reverse_num23,DLkcat,1.2066,17830.8762,243.6088923
rxn06556_c0,DLkcat,1.1907,27289.9038,52.35782473
rxn04308_c0,DLkcat,1.1639,27692.0873,75.6541021
rxn00143_c0_reverse,DLkcat,1.1625,24501.9496,170.8027348
rxn08764_c0_reverse,DLkcat,1.1443,35895.7825,114.7622287
rxn01073_c0,DLkcat,1.137,27247.657,150.2220907
rxn08025_c0_reverse,DLkcat,1.1363,53899.5769,19.19687828
rxn03137_c0,DLkcat,1.1329,55589.0759,73.36765244
rxn40037_c0_reverse,DLkcat,1.1132,32204.6332,31.10980938
rxn01257_c0,DLkcat,1.1011,20963.0695,94.54626862
rxn07980_c0_reverse,DLkcat,1.0916,16026.5332,245.2033731
rxn05170_c0_num1,DLkcat,1.0375,41198.2806,90.65912328
rxn05163_c0_num2,DLkcat,1.0375,40655.2275,30.48066675
rxn03080_c0,DLkcat,1.0375,16484.7759,226.5726888
rxn00555_c0,DLkcat,1.0375,64945.9138,28.75469588
rxn02341_c0,DLkcat,1.0193,19532.4481,46.96646295
rxn25839_c0_reverse,DLkcat,0.9769,30469.0732,57.71163397
rxn39451_c0_reverse,DLkcat,0.974,27572.061,31.79305312
rxn00791_c0_reverse,DLkcat,0.9687,35292.0595,49.4065811
rxn03852_c0_reverse,DLkcat,0.9641,26561.6973,130.6678546
rxn21863_c0_reverse,DLkcat,0.9488,41063.8695,83.17969158
rxn01643_c0_reverse,DLkcat,330,39981.6492,29713.63172
rxn01103_c0,DLkcat,0.8881,10303.6172,310.2949127
rxn15167_c0,DLkcat,0.8859,32535.6945,49.01140192
rxn21857_c0,DLkcat,0.8751,25525.2873,30.85528444
rxn02128_c0,DLkcat,0.8673,27207.1966,57.37967138
rxn06848_c0_reverse_num17,DLkcat,0.8497,19229.9847,159.0703294
rxn21859_c0,DLkcat,0.7939,41063.8695,69.59987051
rxn03253_c0,DLkcat,0.775,41063.8695,67.94293947
rxn18486_c0,DLkcat,0.7655,53749.0157,51.27163659
rxn02679_c0,DLkcat,0.7611,41063.8695,66.72434998
rxn39452_c0,DLkcat,0.7498,27572.061,24.47477539
rxn01021_c0,DLkcat,0.7475,24501.9496,109.8279951
rxn03251_c0,DLkcat,0.7467,41063.8695,65.46192633
rxn00872_c0_reverse,DLkcat,0.7311,41063.8695,64.09430071
rxn00868_c0_reverse,DLkcat,0.714,41063.8695,62.59517262
rxn03147_c0,DLkcat,0.7024,26886.4265,94.04894325
rxn00225_c0_reverse,DLkcat,0.6992,43282.875,18000
rxn00946_c0_reverse,DLkcat,0.6889,41063.8695,60.39469807
rxn01802_c0,DLkcat,0.6853,41063.8695,60.07909216
rxn00157_c0_reverse,DLkcat,0.6737,84025.8611,14.43198539
rxn12637_c0_reverse_num2,DLkcat,0.6543,38522.6475,61.14533016
rxn00184_c0_reverse_num2,DLkcat,0.6543,66181.3001,17.79566129
rxn00211_c0,DLkcat,0.6409,46748.4798,49.35433216
rxn08535_c0_reverse_num3,DLkcat,0.5651,29899.1996,34.02030869
rxn02190_c0,DLkcat,0.5643,50642.8468,40.11385869
rxn00173_c0,DLkcat,0.5527,34902.0831,1000
rxn01138_c0,DLkcat,0.5433,28901.6059,33.8368741
rxn03958_c0,DLkcat,0.502,41899.735,43.13153771
rxn03909_c0,DLkcat,0.4932,68916.0611,12.88175769
rxn07979_c0_reverse,DLkcat,0.489,16026.5332,109.8428449
rxn02314_c0_reverse,DLkcat,0.4862,34790.5059,12.57756933
rxn42230_c0_reverse,DLkcat,0.4826,18685.5198,92.9789494
rxn02200_c0_num1,DLkcat,0.4803,43214.1362,40.01190703
rxn01208_c0_reverse_num1,DLkcat,0.4729,40254.5762,42.29183762
rxn08131_c0,DLkcat,0.4685,47285.425,2.97237468
rxn00650_c0_num1,DLkcat,0.4685,26711.8884,63.14042552
rxn00543_c0,DLkcat,0.4582,95529.8896,7.140774896
rxn02474_c0_reverse,DLkcat,0.4578,39696.2889,41.5172311
rxn03039_c0_reverse,DLkcat,0.4517,19614.3662,27.63484654
rxn08025_c0,DLkcat,0.4422,52645.8713,7.470614779
rxn01602_c0_reverse,DLkcat,0.4397,43214.1362,36.62968045
rxn09114_c0_reverse,DLkcat,0.4354,19647.4776,39.88908989
rxn01800_c0,DLkcat,0.4118,27206.1796,9.081760234
rxn02933_c0,DLkcat,0.4063,31543.3946,46.37040555
rxn08300_c0,DLkcat,0.3983,17917.1538,80.02833575
rxn10199_c0,DLkcat,0.3914,73917.609,9.531152448
rxn02929_c0,DLkcat,0.3911,27572.061,12.76618386
rxn00851_c0,DLkcat,0.3844,38524.8273,17.96036604
rxn05340_c0_reverse,DLkcat,0.3701,25525.2873,13.04941238
rxn05163_c0_num3,DLkcat,0.37,70668.273,18.84862815
rxn43581_c0_reverse,DLkcat,0.3523,38213.9798,33.1889012
rxn01446_c0,DLkcat,0.3366,28901.6059,20.96354099
rxn00379_c0_reverse_num1,DLkcat,0.3265,65889.168,8.919523768
rxn05342_c0,DLkcat,0.275,25525.2873,9.696266964
rxn00222_c0,DLkcat,0.2537,50433.36,9.066826055
rxn02314_c0,DLkcat,0.2525,34790.5059,6.531954455
rxn00929_c0,DLkcat,0.2358,28013.1376,30.30292472
rxn03269_c0,DLkcat,0.2342,30610.2982,13.77183578
rxn02475_c0,DLkcat,0.2333,39696.2889,21.15764529
rxn08020_c0,DLkcat,0.2284,8343.089,24.0846575
rxn08017_c0,DLkcat,0.2128,8343.089,22.43964587
rxn06848_c0_reverse_num7,DLkcat,0.2036,24506.07,14.95466225
rxn01304_c0,DLkcat,0.2004,35418.2161,10.18458973
rxn01476_c0,DLkcat,0.2004,37721.9679,19.12519522
rxn12637_c0_num2,DLkcat,0.2004,38522.6475,18.7276848
rxn12845_c0_num2,DLkcat,0.1956,38522.6475,18.2791175
rxn06865_c0_reverse_num16,DLkcat,0.1949,49533.6117,3.541231781
rxn00670_c0,DLkcat,0.1947,34902.0831,5.020617236
rxn12847_c0_num2,DLkcat,0.1941,38522.6475,18.13894022
rxn06865_c0_reverse_num17,DLkcat,0.1925,19229.9847,36.03747017
rxn06865_c0_reverse_num7,DLkcat,0.1906,24506.07,13.99979679
rxn00122_c0,DLkcat,0.189,34384.0723,6.596077335
rxn16583_c0,DLkcat,0.163,43643.4024,13.4453312
rxn00549_c0,DLkcat,0.1558,72261.9442,7.761761826
rxn02483_c0,DLkcat,0.1457,14465.4345,9.065057811
rxn00440_c0,DLkcat,0.1409,23763.1149,21.34568646
rxn02175_c0,DLkcat,0.1388,18624.1974,4.471602089
rxn00938_c0,DLkcat,0.1333,20400.9742,23.5224061
rxn00105_c0,DLkcat,0.1249,23134.2975,9.718038769
rxn09108_c0,DLkcat,0.1236,19647.4776,11.32359097
rxn03141_c0,DLkcat,0.1197,49018.2541,4.395505388
rxn00392_c0,DLkcat,0.1088,34384.0723,3.797106953
rxn01649_c0_reverse,DLkcat,0.1088,28901.6059,6.776094058
rxn02720_c0,DLkcat,0.1073,41063.8695,9.406809556
rxn03901_c0_num1,DLkcat,0.103,30053.2771,12.33808875
rxn00184_c0_num3,DLkcat,0.1004,165024.7165,1.095108683
rxn09110_c0,DLkcat,0.0953,19647.4776,8.730891746
rxn00800_c0_reverse_num2,DLkcat,0.0945,53615.9384,6.345128149
rxn05337_c0_reverse,DLkcat,344.7,25525.2873,48615.3196
rxn12847_c0_reverse_num1,DLkcat,0.0925,26711.8884,12.46635936
rxn03419_c0_reverse,DLkcat,0.0925,20970.079,15.8797685
rxn09112_c0,DLkcat,0.0906,19647.4776,8.300302121
rxn09111_c0,DLkcat,0.0906,19647.4776,8.300302121
rxn10315_c0,DLkcat,0.0906,45484.6269,0.597564537
rxn09109_c0,DLkcat,0.0906,19647.4776,8.300302121
rxn00980_c0,DLkcat,0.0906,23760.897,2.713025324
rxn10261_c0,DLkcat,0.0906,19647.4776,8.300302121
rxn10313_c0,DLkcat,0.0906,45484.6269,0.597564537
rxn10260_c0,DLkcat,0.0906,19647.4776,8.300302121
rxn10314_c0,DLkcat,0.0906,45484.6269,0.597564537
rxn10259_c0,DLkcat,0.0906,19647.4776,8.300302121
rxn00931_c0_reverse,DLkcat,0.086,28013.1376,11.05195728
rxn00292_c0,DLkcat,0.0852,43273.3603,3.543981769
rxn05610_c0_num2,DLkcat,0.0804,18734.39,7.724831179
rxn09114_c0,DLkcat,0.0802,19647.4776,7.347508059
rxn03251_c0_reverse,DLkcat,0.0757,41063.8695,6.636490991
rxn00242_c0,DLkcat,0.0725,81685.8993,1.59758295
rxn01819_c0,DLkcat,0.0668,32011.6433,3.756133319
rxn06865_c0_reverse_num5,DLkcat,0.0653,21976.8786,5.348348241
rxn06848_c0_reverse_num5,DLkcat,0.0651,21976.8786,5.331967389
rxn00459_c0_reverse,DLkcat,0.0588,45915.4253,1.152553846
rxn08018_c0_reverse_num1,DLkcat,0.0511,22151.7682,8.304528936
rxn00719_c0_num1,DLkcat,0.0391,27156.1206,5.183361868
rxn00789_c0_reverse_num1,DLkcat,0.0361,44148.1774,2.943722882
rxn00124_c0,DLkcat,0.0288,30459.5707,1.701928123
rxn08433_c0,DLkcat,0.0277,27289.9038,1.218032876
rxn01465_c0,DLkcat,0.0277,44760.4447,1.113929952
rxn05158_c0_num3,DLkcat,0.0231,49002.603,1.697052706
rxn12639_c0_num2,DLkcat,0.0229,38522.6475,2.14003983
rxn05344_c0,DLkcat,0.0226,43139.3518,1.88598105
rxn02476_c0_reverse,DLkcat,0.0202,44188.2461,1.645686499
rxn01807_c0,DLkcat,0.0134,30459.5707,0.791869335
rxn05341_c0_reverse,DLkcat,344.7,25525.2873,48615.3196
rxn08015_c0,DLkcat,0.0127,8726.6991,1.339208189
