gene_id,Protein_ID
CXQ68_RS00005,WP_013483973.1
CXQ68_RS00010,WP_013483974.1
CXQ68_RS00015,WP_013483975.1
CXQ68_RS00020,WP_013483976.1
CXQ68_RS00025,WP_013483977.1
CXQ68_RS00030,WP_013483978.1
CXQ68_RS00035,WP_013483979.1
CXQ68_RS00040,WP_013483980.1
CXQ68_RS00045,WP_013483981.1
CXQ68_RS00050,WP_013483982.1
CXQ68_RS00060,WP_013483983.1
CXQ68_RS00065,WP_013483984.1
CXQ68_RS00070,WP_013483985.1
CXQ68_RS00075,WP_013483986.1
CXQ68_RS00080,WP_013483987.1
CXQ68_RS00085,WP_013483988.1
CXQ68_RS00090,WP_013483989.1
CXQ68_RS00095,WP_013483990.1
CXQ68_RS00100,WP_242822079.1
CXQ68_RS00110,WP_013483992.1
CXQ68_RS00115,WP_013483993.1
CXQ68_RS00120,WP_013483994.1
CXQ68_RS00125,WP_013483995.1
CXQ68_RS00130,WP_013483996.1
CXQ68_RS00135,WP_013483997.1
CXQ68_RS00140,WP_013483998.1
CXQ68_RS00145,WP_013483999.1
CXQ68_RS00150,WP_013484000.1
CXQ68_RS00155,WP_013484001.1
CXQ68_RS00160,WP_013484002.1
CXQ68_RS00165,WP_013484003.1
CXQ68_RS00170,WP_049776631.1
CXQ68_RS00175,WP_013484005.1
CXQ68_RS00180,WP_013484006.1
CXQ68_RS00185,WP_159033339.1
CXQ68_RS00190,WP_013484008.1
CXQ68_RS00195,WP_013484009.1
CXQ68_RS00200,WP_013484010.1
CXQ68_RS00205,WP_013484011.1
CXQ68_RS00210,WP_013484012.1
CXQ68_RS00215,WP_013484013.1
CXQ68_RS00220,WP_013484014.1
CXQ68_RS00225,WP_013484015.1
CXQ68_RS00230,WP_013484016.1
CXQ68_RS00235,WP_159033340.1
CXQ68_RS00240,WP_013484018.1
CXQ68_RS00245,WP_013484019.1
CXQ68_RS00250,WP_013484020.1
CXQ68_RS00255,WP_013484021.1
CXQ68_RS00260,WP_013484022.1
CXQ68_RS00265,WP_013484023.1
CXQ68_RS00270,WP_013484024.1
CXQ68_RS00275,WP_013484025.1
CXQ68_RS00280,WP_013484026.1
CXQ68_RS00290,WP_013484027.1
CXQ68_RS00295,WP_013484028.1
CXQ68_RS00300,WP_013484029.1
CXQ68_RS00305,WP_013484030.1
CXQ68_RS00310,WP_013484031.1
CXQ68_RS00315,WP_013484032.1
CXQ68_RS00320,WP_013484033.1
CXQ68_RS00325,WP_083803541.1
CXQ68_RS00330,WP_013484034.1
CXQ68_RS00335,WP_013484035.1
CXQ68_RS00340,WP_013484036.1
CXQ68_RS00345,WP_013484037.1
CXQ68_RS00350,WP_013484038.1
CXQ68_RS00355,WP_013484039.1
CXQ68_RS00360,WP_083803543.1
CXQ68_RS00365,WP_013484041.1
CXQ68_RS00370,WP_013484042.1
CXQ68_RS00375,WP_013484043.1
CXQ68_RS00380,WP_013484044.1
CXQ68_RS00385,WP_013484045.1
CXQ68_RS00395,WP_013484046.1
CXQ68_RS00400,WP_013484047.1
CXQ68_RS00405,WP_013484048.1
CXQ68_RS00410,WP_013484049.1
CXQ68_RS00415,WP_013484050.1
CXQ68_RS00420,WP_013484051.1
CXQ68_RS00425,WP_013484052.1
CXQ68_RS00430,WP_013484053.1
CXQ68_RS00435,WP_013484054.1
CXQ68_RS00440,WP_013484055.1
CXQ68_RS00445,WP_013484056.1
CXQ68_RS00450,WP_013484057.1
CXQ68_RS00455,WP_013484058.1
CXQ68_RS00460,WP_013484059.1
CXQ68_RS00465,WP_049776633.1
CXQ68_RS00470,WP_013484061.1
CXQ68_RS00475,WP_013484062.1
CXQ68_RS00480,WP_013484063.1
CXQ68_RS00485,WP_013484064.1
CXQ68_RS00490,WP_013484065.1
CXQ68_RS00495,WP_013484066.1
CXQ68_RS00500,WP_013484067.1
CXQ68_RS00505,WP_013484068.1
CXQ68_RS00510,WP_013484069.1
CXQ68_RS00515,WP_013484070.1
CXQ68_RS00520,WP_013484071.1
CXQ68_RS00525,WP_013484072.1
CXQ68_RS00530,WP_013484073.1
CXQ68_RS00535,WP_013484074.1
CXQ68_RS00540,WP_013484075.1
CXQ68_RS00545,WP_013484076.1
CXQ68_RS00550,WP_013484077.1
CXQ68_RS00555,WP_013484078.1
CXQ68_RS00560,WP_013484079.1
CXQ68_RS14950,WP_013484080.1
CXQ68_RS00570,WP_013484081.1
CXQ68_RS00575,WP_013484082.1
CXQ68_RS14440,WP_156793963.1
CXQ68_RS00585,WP_013484083.1
CXQ68_RS00590,WP_013484084.1
CXQ68_RS14445,WP_137143817.1
CXQ68_RS00595,WP_156793964.1
CXQ68_RS00600,WP_013484085.1
CXQ68_RS00605,WP_013484086.1
CXQ68_RS00615,WP_013484087.1
CXQ68_RS00620,WP_013484088.1
CXQ68_RS00625,WP_013484089.1
CXQ68_RS00630,WP_198009334.1
CXQ68_RS00635,WP_013484091.1
CXQ68_RS00640,WP_013484092.1
CXQ68_RS14450,WP_159033341.1
CXQ68_RS00645,WP_013484093.1
CXQ68_RS00650,WP_013484094.1
CXQ68_RS00655,WP_013484095.1
CXQ68_RS00660,WP_013484096.1
CXQ68_RS00665,WP_013484097.1
CXQ68_RS00670,WP_013484098.1
CXQ68_RS00675,WP_013484099.1
CXQ68_RS00680,WP_013484100.1
CXQ68_RS00685,WP_013484101.1
CXQ68_RS00690,WP_013484102.1
CXQ68_RS00695,WP_013484103.1
CXQ68_RS00700,WP_013484104.1
CXQ68_RS00705,WP_013484105.1
CXQ68_RS00710,WP_013484106.1
CXQ68_RS00715,WP_013484107.1
CXQ68_RS00720,WP_013484108.1
CXQ68_RS00725,WP_013484109.1
CXQ68_RS00730,WP_013484110.1
CXQ68_RS00740,WP_013484111.1
CXQ68_RS00745,WP_013484112.1
CXQ68_RS00750,WP_013484113.1
CXQ68_RS00755,WP_013484114.1
CXQ68_RS00760,WP_013484115.1
CXQ68_RS00765,WP_013484116.1
CXQ68_RS00770,WP_013484117.1
CXQ68_RS00775,WP_013484118.1
CXQ68_RS00780,WP_013484119.1
CXQ68_RS00785,WP_013484120.1
CXQ68_RS00795,WP_013484121.1
CXQ68_RS00800,WP_013484122.1
CXQ68_RS00805,WP_013484123.1
CXQ68_RS00815,WP_013484124.1
CXQ68_RS00820,WP_013484125.1
CXQ68_RS00825,WP_013484126.1
CXQ68_RS00830,WP_013484127.1
CXQ68_RS14455,WP_156793965.1
CXQ68_RS00835,WP_013484128.1
CXQ68_RS00840,WP_041686566.1
CXQ68_RS00845,WP_013484130.1
CXQ68_RS00850,WP_013484131.1
CXQ68_RS00865,WP_013484133.1
CXQ68_RS00870,WP_013484134.1
CXQ68_RS00875,WP_013484135.1
CXQ68_RS00880,WP_013484136.1
CXQ68_RS00885,WP_013484137.1
CXQ68_RS00890,WP_013484138.1
CXQ68_RS00895,WP_013484139.1
CXQ68_RS00900,WP_041686568.1
CXQ68_RS00905,WP_013484141.1
CXQ68_RS00910,WP_013484142.1
CXQ68_RS00915,WP_013484143.1
CXQ68_RS00920,WP_013484144.1
CXQ68_RS00925,WP_013484145.1
CXQ68_RS00930,WP_013484146.1
CXQ68_RS00940,WP_013484147.1
CXQ68_RS00945,WP_013484148.1
CXQ68_RS00950,WP_013484149.1
CXQ68_RS00955,WP_013484150.1
CXQ68_RS00960,WP_013484151.1
CXQ68_RS00965,WP_041686993.1
CXQ68_RS00970,WP_013484153.1
CXQ68_RS00975,WP_013484154.1
CXQ68_RS00980,WP_013484155.1
CXQ68_RS00985,WP_013484156.1
CXQ68_RS00990,WP_013484157.1
CXQ68_RS00995,WP_013484158.1
CXQ68_RS01000,WP_013484159.1
CXQ68_RS01005,WP_013484160.1
CXQ68_RS01010,WP_013484161.1
CXQ68_RS01015,WP_013484162.1
CXQ68_RS01020,WP_013484163.1
CXQ68_RS01025,WP_013484164.1
CXQ68_RS01030,WP_013484165.1
CXQ68_RS01035,WP_013484166.1
CXQ68_RS01040,WP_013484167.1
CXQ68_RS01045,WP_013484168.1
CXQ68_RS14460,WP_013484169.1
CXQ68_RS01050,WP_013484170.1
CXQ68_RS01055,WP_013484171.1
CXQ68_RS01060,WP_013484172.1
CXQ68_RS01065,WP_013484173.1
CXQ68_RS01070,WP_013484174.1
CXQ68_RS01075,WP_013484175.1
CXQ68_RS01080,WP_041686996.1
CXQ68_RS01085,WP_013484177.1
CXQ68_RS01090,WP_013484178.1
CXQ68_RS01095,WP_013484179.1
CXQ68_RS01100,WP_013484180.1
CXQ68_RS15195,WP_013484181.1
CXQ68_RS01105,WP_013484182.1
CXQ68_RS01110,WP_013484183.1
CXQ68_RS01115,WP_013484184.1
CXQ68_RS01120,WP_013484185.1
CXQ68_RS01125,WP_013484186.1
CXQ68_RS01130,WP_013484187.1
CXQ68_RS01135,WP_013484188.1
CXQ68_RS01140,WP_159033342.1
CXQ68_RS01145,WP_013484190.1
CXQ68_RS01155,WP_013484191.1
CXQ68_RS01160,WP_013484192.1
CXQ68_RS01165,WP_013484193.1
CXQ68_RS01170,WP_013484194.1
CXQ68_RS01175,WP_013484195.1
CXQ68_RS01180,WP_013484196.1
CXQ68_RS01185,WP_013484197.1
CXQ68_RS01195,WP_013484199.1
CXQ68_RS01200,WP_013484200.1
CXQ68_RS01205,WP_013484201.1
CXQ68_RS01210,WP_013484202.1
CXQ68_RS01215,WP_013484203.1
CXQ68_RS01220,WP_013484204.1
CXQ68_RS01225,WP_013484205.1
CXQ68_RS01230,WP_013484206.1
CXQ68_RS01235,WP_013484207.1
CXQ68_RS01240,WP_013484208.1
CXQ68_RS01245,WP_013484209.1
CXQ68_RS01250,WP_013484210.1
CXQ68_RS01255,WP_013484211.1
CXQ68_RS01260,WP_013484212.1
CXQ68_RS01265,WP_013484213.1
CXQ68_RS01270,WP_013484214.1
CXQ68_RS01275,WP_013484215.1
CXQ68_RS01280,WP_013484216.1
CXQ68_RS01285,WP_013484217.1
CXQ68_RS01290,WP_013484218.1
CXQ68_RS01295,WP_013484219.1
CXQ68_RS01300,WP_013484220.1
CXQ68_RS01305,WP_013484221.1
CXQ68_RS01310,WP_013484222.1
CXQ68_RS01320,WP_013484223.1
CXQ68_RS01325,WP_013484224.1
CXQ68_RS01330,WP_013484225.1
CXQ68_RS01345,WP_013484226.1
CXQ68_RS01350,WP_013484227.1
CXQ68_RS01355,WP_013484228.1
CXQ68_RS01360,WP_013484229.1
CXQ68_RS01365,WP_013484230.1
CXQ68_RS01370,WP_242822081.1
CXQ68_RS01375,WP_159033343.1
CXQ68_RS01380,WP_013484233.1
CXQ68_RS01385,WP_013484234.1
CXQ68_RS01390,WP_013484235.1
CXQ68_RS01395,WP_013484236.1
CXQ68_RS01400,WP_013484237.1
CXQ68_RS14955,WP_242822082.1
CXQ68_RS01415,WP_013484240.1
CXQ68_RS01420,WP_013484241.1
CXQ68_RS01425,WP_013484242.1
CXQ68_RS01430,WP_041686583.1
CXQ68_RS01450,WP_278244199.1
CXQ68_RS01460,WP_013484245.1
CXQ68_RS01465,WP_013484246.1
CXQ68_RS01470,WP_013484247.1
CXQ68_RS01475,WP_013484248.1
CXQ68_RS01480,WP_013484249.1
CXQ68_RS01485,WP_013484250.1
CXQ68_RS01490,WP_013484251.1
CXQ68_RS01495,WP_013484252.1
CXQ68_RS01500,WP_013484253.1
CXQ68_RS01505,WP_013484254.1
CXQ68_RS01510,WP_013484255.1
CXQ68_RS01515,WP_013484256.1
CXQ68_RS01520,WP_013484257.1
CXQ68_RS01525,WP_013484258.1
CXQ68_RS01530,WP_013484259.1
CXQ68_RS01535,WP_013484260.1
CXQ68_RS01540,WP_013484261.1
CXQ68_RS01545,WP_013484262.1
CXQ68_RS01550,WP_013484263.1
CXQ68_RS01555,WP_013484264.1
CXQ68_RS01560,WP_013484265.1
CXQ68_RS01565,WP_013484266.1
CXQ68_RS01570,WP_013484267.1
CXQ68_RS01575,WP_013484268.1
CXQ68_RS01580,WP_013484269.1
CXQ68_RS01585,WP_013484270.1
CXQ68_RS01590,WP_013484272.1
CXQ68_RS01595,WP_013484273.1
CXQ68_RS01600,WP_013484274.1
CXQ68_RS01605,WP_083803761.1
CXQ68_RS01610,WP_013484276.1
CXQ68_RS01615,WP_013484277.1
CXQ68_RS14465,WP_013484278.1
CXQ68_RS01630,WP_242822102.1
CXQ68_RS01635,WP_013484280.1
CXQ68_RS01640,WP_013484281.1
CXQ68_RS01645,WP_013484282.1
CXQ68_RS01650,WP_013484283.1
CXQ68_RS01655,WP_013484284.1
CXQ68_RS01660,WP_013484285.1
CXQ68_RS01665,WP_013484286.1
CXQ68_RS01670,WP_013484287.1
CXQ68_RS01675,WP_013484288.1
CXQ68_RS01680,WP_013484289.1
CXQ68_RS14470,WP_013484290.1
CXQ68_RS01690,WP_013484291.1
CXQ68_RS01695,WP_013484292.1
CXQ68_RS01700,WP_041687023.1
CXQ68_RS01705,WP_013484294.1
CXQ68_RS01710,WP_013484295.1
CXQ68_RS01715,WP_013484296.1
CXQ68_RS01720,WP_013484297.1
CXQ68_RS01725,WP_013484298.1
CXQ68_RS01730,WP_013484299.1
CXQ68_RS01735,WP_013484300.1
CXQ68_RS01740,WP_013484301.1
CXQ68_RS01745,WP_013484302.1
CXQ68_RS01750,WP_041687027.1
CXQ68_RS01755,WP_013484304.1
CXQ68_RS01760,WP_013484305.1
CXQ68_RS01765,WP_013484306.1
CXQ68_RS01770,WP_013484307.1
CXQ68_RS01775,WP_013484308.1
CXQ68_RS01780,WP_013484309.1
CXQ68_RS01785,WP_013484310.1
CXQ68_RS01790,WP_013484311.1
CXQ68_RS01795,WP_013484312.1
CXQ68_RS01800,WP_041687030.1
CXQ68_RS01805,WP_013484314.1
CXQ68_RS01810,WP_013484315.1
CXQ68_RS01815,WP_013484316.1
CXQ68_RS01820,WP_242822083.1
CXQ68_RS01825,WP_013484318.1
CXQ68_RS01830,WP_013484319.1
CXQ68_RS01835,WP_013484320.1
CXQ68_RS01840,WP_013484321.1
CXQ68_RS01845,WP_049776638.1
CXQ68_RS14795,WP_198009335.1
CXQ68_RS01850,WP_198009336.1
CXQ68_RS01855,WP_013484323.1
CXQ68_RS01860,WP_013484324.1
CXQ68_RS01865,WP_013484325.1
CXQ68_RS01870,WP_013484326.1
CXQ68_RS01875,WP_013484327.1
CXQ68_RS01880,WP_013484328.1
CXQ68_RS01885,WP_013484329.1
CXQ68_RS01890,WP_341349200.1
CXQ68_RS01895,WP_013484331.1
CXQ68_RS01900,WP_013484332.1
CXQ68_RS01905,WP_013484333.1
CXQ68_RS01910,WP_013484334.1
CXQ68_RS01915,WP_013484335.1
CXQ68_RS01920,WP_013484336.1
CXQ68_RS01925,WP_013484337.1
CXQ68_RS01930,WP_013484338.1
CXQ68_RS01935,WP_013484339.1
CXQ68_RS01940,WP_013484340.1
CXQ68_RS01945,WP_013484341.1
CXQ68_RS01950,WP_013484342.1
CXQ68_RS01955,WP_013484343.1
CXQ68_RS01960,WP_013484344.1
CXQ68_RS01965,WP_013484345.1
CXQ68_RS01970,WP_013484346.1
CXQ68_RS01975,WP_013484347.1
CXQ68_RS01980,WP_013484348.1
CXQ68_RS01985,WP_013484349.1
CXQ68_RS01990,WP_013484350.1
CXQ68_RS01995,WP_013484351.1
CXQ68_RS02000,WP_013484352.1
CXQ68_RS02005,WP_013484353.1
CXQ68_RS02010,WP_013484354.1
CXQ68_RS02015,WP_013484355.1
CXQ68_RS02020,WP_013484356.1
CXQ68_RS02025,WP_013484357.1
CXQ68_RS02030,WP_013484358.1
CXQ68_RS02035,WP_013484359.1
CXQ68_RS02040,WP_013484360.1
CXQ68_RS02045,WP_013484361.1
CXQ68_RS02050,WP_013484362.1
CXQ68_RS02055,WP_013484363.1
CXQ68_RS14475,WP_013484364.1
CXQ68_RS02060,WP_013484365.1
CXQ68_RS02065,WP_013484366.1
CXQ68_RS02070,WP_049776639.1
CXQ68_RS02075,WP_013484368.1
CXQ68_RS02080,WP_049776522.1
CXQ68_RS02085,WP_041687035.1
CXQ68_RS02090,WP_013484371.1
CXQ68_RS02095,WP_013484372.1
CXQ68_RS02100,WP_013484373.1
CXQ68_RS02105,WP_013484374.1
CXQ68_RS02110,WP_013484375.1
CXQ68_RS02115,WP_013484376.1
CXQ68_RS02120,WP_013484377.1
CXQ68_RS02125,WP_013484378.1
CXQ68_RS02130,WP_013484379.1
CXQ68_RS02135,WP_013484380.1
CXQ68_RS02140,WP_013484381.1
CXQ68_RS02145,WP_013484382.1
CXQ68_RS02150,WP_013484383.1
CXQ68_RS02155,WP_013484384.1
CXQ68_RS02160,WP_013484385.1
CXQ68_RS02165,WP_013484386.1
CXQ68_RS02170,WP_013484387.1
CXQ68_RS02175,WP_013484388.1
CXQ68_RS02180,WP_013484389.1
CXQ68_RS02185,WP_013484390.1
CXQ68_RS02190,WP_013484391.1
CXQ68_RS02195,WP_013484392.1
CXQ68_RS02235,WP_013484393.1
CXQ68_RS02240,WP_013484394.1
CXQ68_RS02245,WP_013484395.1
CXQ68_RS02250,WP_013484396.1
CXQ68_RS02255,WP_013484397.1
CXQ68_RS02260,WP_013484398.1
CXQ68_RS02265,WP_013484399.1
CXQ68_RS14480,WP_013484400.1
CXQ68_RS02275,WP_106919177.1
CXQ68_RS02280,WP_013484402.1
CXQ68_RS02285,WP_013484403.1
CXQ68_RS02290,WP_013484404.1
CXQ68_RS02295,WP_013484405.1
CXQ68_RS02300,WP_013484406.1
CXQ68_RS02305,WP_013484407.1
CXQ68_RS02310,WP_049776524.1
CXQ68_RS02315,WP_013484409.1
CXQ68_RS02320,WP_013484410.1
CXQ68_RS02325,WP_013484411.1
CXQ68_RS02330,WP_013484412.1
CXQ68_RS02335,WP_013484413.1
CXQ68_RS02340,WP_106919178.1
CXQ68_RS02345,WP_013484415.1
CXQ68_RS02350,WP_013484416.1
CXQ68_RS02355,WP_013484417.1
CXQ68_RS02360,WP_013484418.1
CXQ68_RS02365,WP_013484419.1
CXQ68_RS02370,WP_013484420.1
CXQ68_RS02375,WP_013484421.1
CXQ68_RS02380,WP_013484422.1
CXQ68_RS02385,WP_013484423.1
CXQ68_RS02390,WP_013484424.1
CXQ68_RS02395,WP_013484425.1
CXQ68_RS02400,WP_013484426.1
CXQ68_RS02405,WP_013484427.1
CXQ68_RS02410,WP_013484428.1
CXQ68_RS02420,WP_013484429.1
CXQ68_RS02425,WP_013484430.1
CXQ68_RS02430,WP_013484431.1
CXQ68_RS02435,WP_013484432.1
CXQ68_RS02440,WP_013484433.1
CXQ68_RS02450,WP_013484434.1
CXQ68_RS02455,WP_013484435.1
CXQ68_RS02460,WP_013484436.1
CXQ68_RS02465,WP_013484437.1
CXQ68_RS02470,WP_162932054.1
CXQ68_RS02475,WP_013484439.1
CXQ68_RS02480,WP_013484440.1
CXQ68_RS02485,WP_013484441.1
CXQ68_RS02490,WP_013484442.1
CXQ68_RS02495,WP_013484443.1
CXQ68_RS02500,WP_013484082.1
CXQ68_RS02505,WP_013484444.1
CXQ68_RS02510,WP_013484445.1
CXQ68_RS02515,WP_013484446.1
CXQ68_RS02520,WP_013484447.1
CXQ68_RS02525,WP_013484077.1
CXQ68_RS02530,WP_013484076.1
CXQ68_RS02535,WP_013484075.1
CXQ68_RS02540,WP_013484448.1
CXQ68_RS02545,WP_013484449.1
CXQ68_RS02550,WP_013484450.1
CXQ68_RS02555,WP_013484451.1
CXQ68_RS02560,WP_013484452.1
CXQ68_RS02565,WP_013484453.1
CXQ68_RS02570,WP_013484454.1
CXQ68_RS02575,WP_013484455.1
CXQ68_RS02580,WP_013484456.1
CXQ68_RS02585,WP_013484457.1
CXQ68_RS02590,WP_013484458.1
CXQ68_RS02595,WP_013484459.1
CXQ68_RS02600,WP_013484460.1
CXQ68_RS02605,WP_013484461.1
CXQ68_RS02610,WP_013484462.1
CXQ68_RS02615,WP_013484463.1
CXQ68_RS02620,WP_013484464.1
CXQ68_RS02625,WP_013484465.1
CXQ68_RS02630,WP_013484057.1
CXQ68_RS02635,WP_013484056.1
CXQ68_RS02640,WP_013484055.1
CXQ68_RS02645,WP_013484054.1
CXQ68_RS02650,WP_013484053.1
CXQ68_RS02655,WP_013484052.1
CXQ68_RS02660,WP_013484051.1
CXQ68_RS02665,WP_013484469.1
CXQ68_RS02670,WP_041686600.1
CXQ68_RS02675,WP_013484471.1
CXQ68_RS02680,WP_013484472.1
CXQ68_RS02685,WP_106919180.1
CXQ68_RS02695,WP_013484474.1
CXQ68_RS02700,WP_013484475.1
CXQ68_RS02705,WP_013484043.1
CXQ68_RS02710,WP_013484476.1
CXQ68_RS02715,WP_041686602.1
CXQ68_RS02725,WP_013484478.1
CXQ68_RS14960,WP_242822062.1
CXQ68_RS14965,WP_162932063.1
CXQ68_RS02740,WP_013484479.1
CXQ68_RS02745,WP_013484480.1
CXQ68_RS02750,WP_013484481.1
CXQ68_RS02755,WP_013484482.1
CXQ68_RS14970,WP_137143827.1
CXQ68_RS14975,WP_013484483.1
CXQ68_RS02770,WP_013484484.1
CXQ68_RS02775,WP_341458431.1
CXQ68_RS02780,WP_242822085.1
CXQ68_RS02785,WP_083803592.1
CXQ68_RS02790,WP_013484486.1
CXQ68_RS02795,WP_013484488.1
CXQ68_RS02805,WP_013484489.1
CXQ68_RS02810,WP_013484490.1
CXQ68_RS02815,WP_013484491.1
CXQ68_RS02820,WP_041686605.1
CXQ68_RS02825,WP_013484493.1
CXQ68_RS02830,WP_013484494.1
CXQ68_RS02835,WP_013484495.1
CXQ68_RS02840,WP_013484496.1
CXQ68_RS02845,WP_242822086.1
CXQ68_RS02850,WP_137143828.1
CXQ68_RS14490,WP_137143829.1
CXQ68_RS02865,WP_041686606.1
CXQ68_RS02870,WP_013484500.1
CXQ68_RS02875,WP_013484501.1
CXQ68_RS14980,WP_242822104.1
CXQ68_RS02885,WP_041686607.1
CXQ68_RS02890,WP_041686608.1
CXQ68_RS02895,WP_013484505.1
CXQ68_RS02900,WP_013484506.1
CXQ68_RS02905,WP_013484507.1
CXQ68_RS02910,WP_013484508.1
CXQ68_RS02915,WP_013484509.1
CXQ68_RS02920,WP_013484510.1
CXQ68_RS02925,WP_013484511.1
CXQ68_RS02930,WP_013484512.1
CXQ68_RS02935,WP_013484513.1
CXQ68_RS02945,WP_013484515.1
CXQ68_RS02950,WP_013484516.1
CXQ68_RS02955,WP_013484517.1
CXQ68_RS02960,WP_013484518.1
CXQ68_RS02965,WP_159033344.1
CXQ68_RS14495,WP_137143831.1
CXQ68_RS02970,WP_013484520.1
CXQ68_RS02975,WP_013484521.1
CXQ68_RS02980,WP_013484522.1
CXQ68_RS02985,WP_013484523.1
CXQ68_RS02990,WP_013484524.1
CXQ68_RS02995,WP_013484525.1
CXQ68_RS03000,WP_013484527.1
CXQ68_RS03005,WP_041687075.1
CXQ68_RS03010,WP_013484529.1
CXQ68_RS03015,WP_013484530.1
CXQ68_RS03020,WP_013484531.1
CXQ68_RS03025,WP_013484532.1
CXQ68_RS03030,WP_041687076.1
CXQ68_RS03035,WP_013484534.1
CXQ68_RS03040,WP_013484535.1
CXQ68_RS03045,WP_013484536.1
CXQ68_RS03050,WP_041686611.1
CXQ68_RS03055,WP_013484539.1
CXQ68_RS03060,WP_013484540.1
CXQ68_RS03065,WP_156793967.1
CXQ68_RS03090,WP_041687081.1
CXQ68_RS03100,WP_242822105.1
CXQ68_RS03105,WP_013484545.1
CXQ68_RS03110,WP_013484546.1
CXQ68_RS03115,WP_013484547.1
CXQ68_RS03120,WP_013484548.1
CXQ68_RS03125,WP_013484549.1
CXQ68_RS03130,WP_013484550.1
CXQ68_RS03135,WP_013484551.1
CXQ68_RS03140,WP_041686617.1
CXQ68_RS03145,WP_041687085.1
CXQ68_RS03150,WP_013484553.1
CXQ68_RS03155,WP_013484554.1
CXQ68_RS03160,WP_013484555.1
CXQ68_RS03165,WP_013484556.1
CXQ68_RS03170,WP_013484557.1
CXQ68_RS03175,WP_013484558.1
CXQ68_RS03180,WP_137143833.1
CXQ68_RS03185,WP_013484560.1
CXQ68_RS03190,WP_013484561.1
CXQ68_RS03195,WP_013484562.1
CXQ68_RS03200,WP_242822068.1
CXQ68_RS03205,WP_013484564.1
CXQ68_RS03210,WP_013484565.1
CXQ68_RS03215,WP_013484566.1
CXQ68_RS03220,WP_013484567.1
CXQ68_RS03225,WP_013484568.1
CXQ68_RS03230,WP_013484569.1
CXQ68_RS03235,WP_013484570.1
CXQ68_RS03240,WP_013484571.1
CXQ68_RS03245,WP_013484572.1
CXQ68_RS03250,WP_013484573.1
CXQ68_RS03255,WP_013484562.1
CXQ68_RS03260,WP_242822068.1
CXQ68_RS03265,WP_013484564.1
CXQ68_RS03270,WP_013484575.1
CXQ68_RS14985,WP_341349190.1
CXQ68_RS14505,WP_049776535.1
CXQ68_RS03280,WP_013484576.1
CXQ68_RS03285,WP_013484577.1
CXQ68_RS03290,WP_013484578.1
CXQ68_RS03295,WP_013484579.1
CXQ68_RS03300,WP_083803596.1
CXQ68_RS03305,WP_137143834.1
CXQ68_RS03310,WP_013484580.1
CXQ68_RS14510,WP_013484581.1
CXQ68_RS14990,WP_242822106.1
CXQ68_RS03320,WP_041686622.1
CXQ68_RS03325,WP_242822088.1
CXQ68_RS03330,WP_013484585.1
CXQ68_RS14515,WP_156793968.1
CXQ68_RS03335,WP_013484586.1
CXQ68_RS03340,WP_013484587.1
CXQ68_RS03345,WP_013484588.1
CXQ68_RS03350,WP_013484589.1
CXQ68_RS03355,WP_013484590.1
CXQ68_RS03360,WP_013484591.1
CXQ68_RS03365,WP_013484592.1
CXQ68_RS03370,WP_013484593.1
CXQ68_RS03375,WP_175405610.1
CXQ68_RS03380,WP_013484595.1
CXQ68_RS15000,WP_242822089.1
CXQ68_RS03395,WP_013484597.1
CXQ68_RS03400,WP_041686625.1
CXQ68_RS03405,WP_013484599.1
CXQ68_RS03410,WP_013484600.1
CXQ68_RS14815,WP_013484601.1
CXQ68_RS03415,WP_013484602.1
CXQ68_RS03425,WP_013484603.1
CXQ68_RS03430,WP_013484604.1
CXQ68_RS03435,WP_013484605.1
CXQ68_RS03440,WP_013484606.1
CXQ68_RS03445,WP_013484607.1
CXQ68_RS03450,WP_013484608.1
CXQ68_RS03455,WP_013484609.1
CXQ68_RS03465,WP_159033346.1
CXQ68_RS03470,WP_106919186.1
CXQ68_RS03475,WP_106919187.1
CXQ68_RS03480,WP_013484612.1
CXQ68_RS14520,WP_159033347.1
CXQ68_RS03485,WP_159033348.1
CXQ68_RS03490,WP_013484614.1
CXQ68_RS03495,WP_242822090.1
CXQ68_RS03500,WP_013484616.1
CXQ68_RS03505,WP_159033349.1
CXQ68_RS03510,WP_013484618.1
CXQ68_RS03515,WP_013484619.1
CXQ68_RS03520,WP_013484620.1
CXQ68_RS03525,WP_013484621.1
CXQ68_RS03530,WP_013484622.1
CXQ68_RS03535,WP_013484623.1
CXQ68_RS03540,WP_013484624.1
CXQ68_RS03545,WP_013484625.1
CXQ68_RS03550,WP_013484626.1
CXQ68_RS03555,WP_013484627.1
CXQ68_RS03560,WP_106919189.1
CXQ68_RS03565,WP_013484629.1
CXQ68_RS03570,WP_013484630.1
CXQ68_RS03575,WP_013484631.1
CXQ68_RS03580,WP_013484632.1
CXQ68_RS03585,WP_013484633.1
CXQ68_RS03590,WP_041686630.1
CXQ68_RS03595,WP_013484635.1
CXQ68_RS03600,WP_013484636.1
CXQ68_RS03605,WP_013484637.1
CXQ68_RS03610,WP_013484638.1
CXQ68_RS03615,WP_013484639.1
CXQ68_RS03620,WP_013484640.1
CXQ68_RS03625,WP_013484641.1
CXQ68_RS03630,WP_013484642.1
CXQ68_RS03635,WP_013484643.1
CXQ68_RS03640,WP_013484644.1
CXQ68_RS03645,WP_013484645.1
CXQ68_RS03650,WP_013484646.1
CXQ68_RS03655,WP_159033350.1
CXQ68_RS03660,WP_013484648.1
CXQ68_RS03665,WP_013484649.1
CXQ68_RS03670,WP_013484650.1
CXQ68_RS03675,WP_013484651.1
CXQ68_RS03680,WP_013484652.1
CXQ68_RS03685,WP_041687114.1
CXQ68_RS14525,WP_013484654.1
CXQ68_RS03695,WP_013484655.1
CXQ68_RS03700,WP_013484656.1
CXQ68_RS03730,WP_041686634.1
CXQ68_RS03735,WP_013484658.1
CXQ68_RS03740,WP_013484659.1
CXQ68_RS03745,WP_013484660.1
CXQ68_RS03750,WP_013484661.1
CXQ68_RS03755,WP_013484662.1
CXQ68_RS03760,WP_013484663.1
CXQ68_RS03765,WP_013484664.1
CXQ68_RS03770,WP_013484665.1
CXQ68_RS03775,WP_013484666.1
CXQ68_RS03780,WP_013484667.1
CXQ68_RS03785,WP_013484668.1
CXQ68_RS03790,WP_013484669.1
CXQ68_RS03795,WP_013484670.1
CXQ68_RS03800,WP_013484671.1
CXQ68_RS03805,WP_013484672.1
CXQ68_RS03810,WP_013484673.1
CXQ68_RS03815,WP_013484674.1
CXQ68_RS03820,WP_013484675.1
CXQ68_RS03825,WP_013484676.1
CXQ68_RS03830,WP_013484677.1
CXQ68_RS03835,WP_013484678.1
CXQ68_RS14820,WP_013484679.1
CXQ68_RS03845,WP_041686637.1
CXQ68_RS03850,WP_013484681.1
CXQ68_RS03855,WP_013484682.1
CXQ68_RS03860,WP_013484683.1
CXQ68_RS03865,WP_013484684.1
CXQ68_RS03870,WP_013484685.1
CXQ68_RS03875,WP_013484686.1
CXQ68_RS03880,WP_013484687.1
CXQ68_RS03885,WP_013484688.1
CXQ68_RS03895,WP_013484689.1
CXQ68_RS03900,WP_013484690.1
CXQ68_RS03905,WP_013484691.1
CXQ68_RS03910,WP_013484692.1
CXQ68_RS03915,WP_013484693.1
CXQ68_RS03920,WP_013484694.1
CXQ68_RS03925,WP_013484695.1
CXQ68_RS03930,WP_013484696.1
CXQ68_RS03935,WP_013484697.1
CXQ68_RS03940,WP_013484698.1
CXQ68_RS03945,WP_013484699.1
CXQ68_RS03955,WP_341349191.1
CXQ68_RS03960,WP_013484701.1
CXQ68_RS03965,WP_013484702.1
CXQ68_RS03970,WP_013484703.1
CXQ68_RS03975,WP_159033351.1
CXQ68_RS03980,WP_013484705.1
CXQ68_RS03985,WP_013484706.1
CXQ68_RS03990,WP_013484707.1
CXQ68_RS03995,WP_013484708.1
CXQ68_RS04000,WP_013484709.1
CXQ68_RS04005,WP_013484710.1
CXQ68_RS04010,WP_013484711.1
CXQ68_RS04015,WP_013484712.1
CXQ68_RS04020,WP_013484713.1
CXQ68_RS04025,WP_013484714.1
CXQ68_RS04030,WP_013484715.1
CXQ68_RS04035,WP_013484716.1
CXQ68_RS04040,WP_041687136.1
CXQ68_RS04045,WP_013484718.1
CXQ68_RS04050,WP_106919190.1
CXQ68_RS04055,WP_013484720.1
CXQ68_RS04060,WP_013484721.1
CXQ68_RS04065,WP_013484722.1
CXQ68_RS04070,WP_013484723.1
CXQ68_RS04075,WP_013484724.1
CXQ68_RS04080,WP_013484725.1
CXQ68_RS04085,WP_013484726.1
CXQ68_RS04090,WP_013484727.1
CXQ68_RS04095,WP_013484728.1
CXQ68_RS04100,WP_013484729.1
CXQ68_RS04105,WP_106919267.1
CXQ68_RS04110,WP_013484731.1
CXQ68_RS04115,WP_013484732.1
CXQ68_RS04120,WP_013484733.1
CXQ68_RS04125,WP_013484734.1
CXQ68_RS04130,WP_013484735.1
CXQ68_RS04135,WP_013484736.1
CXQ68_RS04140,WP_013484737.1
CXQ68_RS04145,WP_013484738.1
CXQ68_RS04150,WP_013484739.1
CXQ68_RS04155,WP_013484740.1
CXQ68_RS04160,WP_013484741.1
CXQ68_RS04165,WP_013484742.1
CXQ68_RS04170,WP_341349192.1
CXQ68_RS04175,WP_013484744.1
CXQ68_RS04180,WP_013484745.1
CXQ68_RS04185,WP_013484746.1
CXQ68_RS04190,WP_013484747.1
CXQ68_RS04195,WP_013484748.1
CXQ68_RS15200,WP_013484749.1
CXQ68_RS04225,WP_013484751.1
CXQ68_RS04230,WP_159033352.1
CXQ68_RS04235,WP_013484753.1
CXQ68_RS04240,WP_013484754.1
CXQ68_RS04245,WP_013484755.1
CXQ68_RS04250,WP_013484756.1
CXQ68_RS04255,WP_013484757.1
CXQ68_RS04260,WP_013484758.1
CXQ68_RS04265,WP_013484759.1
CXQ68_RS04270,WP_013484760.1
CXQ68_RS15010,WP_013484761.1
CXQ68_RS04280,WP_013484762.1
CXQ68_RS04285,WP_013484763.1
CXQ68_RS04290,WP_013484764.1
CXQ68_RS04295,WP_049776543.1
CXQ68_RS04300,WP_013484766.1
CXQ68_RS04305,WP_013484767.1
CXQ68_RS04310,WP_013484768.1
CXQ68_RS04315,WP_013484769.1
CXQ68_RS04320,WP_013484770.1
CXQ68_RS04325,WP_013484771.1
CXQ68_RS04330,WP_041687151.1
CXQ68_RS14825,WP_013484773.1
CXQ68_RS14530,WP_137143841.1
CXQ68_RS04340,WP_041686643.1
CXQ68_RS04345,WP_013484775.1
CXQ68_RS04350,WP_013484776.1
CXQ68_RS04355,WP_013484777.1
CXQ68_RS04360,WP_013484778.1
CXQ68_RS04365,WP_013484779.1
CXQ68_RS04370,WP_013484780.1
CXQ68_RS04375,WP_013484781.1
CXQ68_RS04380,WP_242822094.1
CXQ68_RS04385,WP_013484783.1
CXQ68_RS04390,WP_013484784.1
CXQ68_RS04395,WP_013484785.1
CXQ68_RS04400,WP_013484786.1
CXQ68_RS04405,WP_242822107.1
CXQ68_RS04410,WP_013484788.1
CXQ68_RS04415,WP_013484789.1
CXQ68_RS04420,WP_013484790.1
CXQ68_RS04425,WP_013484791.1
CXQ68_RS04430,WP_159033353.1
CXQ68_RS15215,WP_341349193.1
CXQ68_RS04440,WP_013484793.1
CXQ68_RS04445,WP_341349194.1
CXQ68_RS04455,WP_013484795.1
CXQ68_RS04460,WP_013484796.1
CXQ68_RS04465,WP_159033354.1
CXQ68_RS04470,WP_013484797.1
CXQ68_RS04475,WP_013484798.1
CXQ68_RS04480,WP_013484799.1
CXQ68_RS04490,WP_013484802.1
CXQ68_RS04495,WP_013484803.1
CXQ68_RS04500,WP_013484804.1
CXQ68_RS04505,WP_013484805.1
CXQ68_RS04510,WP_159033355.1
CXQ68_RS04515,WP_013484807.1
CXQ68_RS04540,WP_106919194.1
CXQ68_RS04545,WP_013484810.1
CXQ68_RS15015,WP_242822084.1
CXQ68_RS15020,WP_162932063.1
CXQ68_RS04560,WP_041686655.1
CXQ68_RS04565,WP_013484812.1
CXQ68_RS04570,WP_013484562.1
CXQ68_RS04575,WP_242822068.1
CXQ68_RS04580,WP_013484564.1
CXQ68_RS04585,WP_041686657.1
CXQ68_RS04590,WP_013484813.1
CXQ68_RS14535,WP_162932064.1
CXQ68_RS04595,WP_083803616.1
CXQ68_RS04600,WP_013484814.1
CXQ68_RS04605,WP_137143848.1
CXQ68_RS04610,WP_013484562.1
CXQ68_RS04615,WP_242822068.1
CXQ68_RS04620,WP_013484564.1
CXQ68_RS04625,WP_120405677.1
CXQ68_RS04630,WP_013484815.1
CXQ68_RS04635,WP_041686661.1
CXQ68_RS04640,WP_013484816.1
CXQ68_RS04645,WP_242822095.1
CXQ68_RS04650,WP_013484818.1
CXQ68_RS04655,WP_013484819.1
CXQ68_RS04660,WP_013484820.1
CXQ68_RS04665,WP_013484821.1
CXQ68_RS04670,WP_013484822.1
CXQ68_RS04675,WP_013484823.1
CXQ68_RS04680,WP_162938332.1
CXQ68_RS04685,WP_013484825.1
CXQ68_RS04690,WP_013484826.1
CXQ68_RS04695,WP_341349195.1
CXQ68_RS04700,WP_013484828.1
CXQ68_RS04705,WP_341349196.1
CXQ68_RS04710,WP_013484830.1
CXQ68_RS04715,WP_013484831.1
CXQ68_RS04720,WP_013484832.1
CXQ68_RS04725,WP_013484833.1
CXQ68_RS04730,WP_013484834.1
CXQ68_RS04735,WP_013484835.1
CXQ68_RS04740,WP_013484836.1
CXQ68_RS04745,WP_013484837.1
CXQ68_RS04750,WP_013484838.1
CXQ68_RS04755,WP_013484839.1
CXQ68_RS14540,WP_137143849.1
CXQ68_RS15025,WP_242822096.1
CXQ68_RS04775,WP_013484840.1
CXQ68_RS04780,WP_013484841.1
CXQ68_RS04785,WP_013484842.1
CXQ68_RS04790,WP_013484843.1
CXQ68_RS04795,WP_013484844.1
CXQ68_RS04800,WP_013484845.1
CXQ68_RS04805,WP_013484847.1
CXQ68_RS04810,WP_013484848.1
CXQ68_RS04815,WP_013484849.1
CXQ68_RS04820,WP_013484850.1
CXQ68_RS04825,WP_013484851.1
CXQ68_RS04830,WP_013484852.1
CXQ68_RS04845,WP_013484853.1
CXQ68_RS04850,WP_013484854.1
CXQ68_RS14835,WP_013484855.1
CXQ68_RS14545,WP_013484856.1
CXQ68_RS04865,WP_242822097.1
CXQ68_RS04870,WP_013484858.1
CXQ68_RS04875,WP_013484859.1
CXQ68_RS14550,WP_137143850.1
CXQ68_RS04880,WP_013484860.1
CXQ68_RS04885,WP_013484861.1
CXQ68_RS04890,WP_013484862.1
CXQ68_RS04895,WP_242822098.1
CXQ68_RS15220,WP_341349197.1
CXQ68_RS15225,WP_341349198.1
CXQ68_RS04905,WP_013484864.1
CXQ68_RS04910,WP_013484865.1
CXQ68_RS04920,WP_013484866.1
CXQ68_RS04925,WP_013484867.1
CXQ68_RS04930,WP_013484868.1
CXQ68_RS04935,WP_013484869.1
CXQ68_RS04940,WP_013484870.1
CXQ68_RS04945,WP_013484871.1
CXQ68_RS04950,WP_013484872.1
CXQ68_RS04955,WP_041686668.1
CXQ68_RS04960,WP_013484874.1
CXQ68_RS14555,WP_159033357.1
CXQ68_RS04965,WP_013484876.1
CXQ68_RS04970,WP_013484877.1
CXQ68_RS04975,WP_013484878.1
CXQ68_RS04980,WP_013484879.1
CXQ68_RS04985,WP_013484880.1
CXQ68_RS14560,WP_137143851.1
CXQ68_RS15230,WP_083803771.1
CXQ68_RS15030,WP_162932063.1
CXQ68_RS15035,WP_242822062.1
CXQ68_RS05010,WP_013484882.1
CXQ68_RS05015,WP_013484883.1
CXQ68_RS05020,WP_137143852.1
CXQ68_RS14845,WP_199850101.1
CXQ68_RS05035,WP_013484885.1
CXQ68_RS05040,WP_013484562.1
CXQ68_RS05045,WP_242822068.1
CXQ68_RS05050,WP_013484564.1
CXQ68_RS05060,WP_013484887.1
CXQ68_RS05065,WP_013484888.1
CXQ68_RS05070,WP_013484889.1
CXQ68_RS05075,WP_041686673.1
CXQ68_RS05080,WP_278286468.1
CXQ68_RS05085,WP_013484892.1
CXQ68_RS05090,WP_013484893.1
CXQ68_RS05095,WP_013484894.1
CXQ68_RS05105,WP_013484896.1
CXQ68_RS05110,WP_013484897.1
CXQ68_RS05115,WP_013484898.1
CXQ68_RS05120,WP_013484899.1
CXQ68_RS05125,WP_013484900.1
CXQ68_RS05130,WP_013484901.1
CXQ68_RS05135,WP_013484902.1
CXQ68_RS05140,WP_013484903.1
CXQ68_RS05145,WP_013484904.1
CXQ68_RS05150,WP_013484905.1
CXQ68_RS05155,WP_013484906.1
CXQ68_RS05160,WP_013484907.1
CXQ68_RS05165,WP_013484908.1
CXQ68_RS05170,WP_013484909.1
CXQ68_RS05175,WP_013484910.1
CXQ68_RS05180,WP_013484911.1
CXQ68_RS05185,WP_013484912.1
CXQ68_RS05190,WP_013484913.1
CXQ68_RS05195,WP_013484914.1
CXQ68_RS05200,WP_013484915.1
CXQ68_RS05205,WP_013484916.1
CXQ68_RS05210,WP_013484917.1
CXQ68_RS05215,WP_013484918.1
CXQ68_RS05220,WP_013484919.1
CXQ68_RS05225,WP_013484920.1
CXQ68_RS05235,WP_159033358.1
CXQ68_RS05240,WP_013484922.1
CXQ68_RS05245,WP_013484923.1
CXQ68_RS05250,WP_013484924.1
CXQ68_RS05255,WP_013484925.1
CXQ68_RS14850,WP_013484926.1
CXQ68_RS05260,WP_013484927.1
CXQ68_RS05265,WP_013484928.1
CXQ68_RS05270,WP_013484929.1
CXQ68_RS05285,WP_013484930.1
CXQ68_RS05290,WP_013484931.1
CXQ68_RS05295,WP_013484932.1
CXQ68_RS05300,WP_013484933.1
CXQ68_RS05305,WP_013484934.1
CXQ68_RS05310,WP_013484935.1
CXQ68_RS05315,WP_013484936.1
CXQ68_RS05320,WP_242822110.1
CXQ68_RS05325,WP_013484938.1
CXQ68_RS05330,WP_013484939.1
CXQ68_RS05335,WP_013484940.1
CXQ68_RS05340,WP_013484941.1
CXQ68_RS05345,WP_013484942.1
CXQ68_RS05350,WP_013484943.1
CXQ68_RS05355,WP_013484944.1
CXQ68_RS14565,WP_013484945.1
CXQ68_RS05360,WP_013484946.1
CXQ68_RS05365,WP_013484947.1
CXQ68_RS05370,WP_013484948.1
CXQ68_RS05375,WP_013484949.1
CXQ68_RS05380,WP_013484950.1
CXQ68_RS05385,WP_013484951.1
CXQ68_RS05390,WP_013484952.1
CXQ68_RS05395,WP_013484953.1
CXQ68_RS05400,WP_013484954.1
CXQ68_RS05405,WP_013484955.1
CXQ68_RS05410,WP_013484956.1
CXQ68_RS05415,WP_013484957.1
CXQ68_RS05420,WP_013484958.1
CXQ68_RS05425,WP_013484959.1
CXQ68_RS05430,WP_013484960.1
CXQ68_RS05435,WP_013484961.1
CXQ68_RS05445,WP_013484962.1
CXQ68_RS05450,WP_159033359.1
CXQ68_RS05455,WP_013484964.1
CXQ68_RS05460,WP_013484965.1
CXQ68_RS05465,WP_013484966.1
CXQ68_RS05470,WP_013484967.1
CXQ68_RS05475,WP_013484968.1
CXQ68_RS05480,WP_013484969.1
CXQ68_RS05485,WP_013484970.1
CXQ68_RS05490,WP_013484971.1
CXQ68_RS05495,WP_013484972.1
CXQ68_RS05500,WP_013484973.1
CXQ68_RS05505,WP_013484974.1
CXQ68_RS05510,WP_013484975.1
CXQ68_RS05515,WP_013484976.1
CXQ68_RS05520,WP_013484977.1
CXQ68_RS05525,WP_013484978.1
CXQ68_RS05530,WP_013484979.1
CXQ68_RS05535,WP_013484980.1
CXQ68_RS05540,WP_013484981.1
CXQ68_RS05545,WP_013484983.1
CXQ68_RS05550,WP_013484984.1
CXQ68_RS05555,WP_013484985.1
CXQ68_RS05560,WP_013484986.1
CXQ68_RS05565,WP_013484987.1
CXQ68_RS05570,WP_013484988.1
CXQ68_RS05575,WP_013484989.1
CXQ68_RS05580,WP_013484990.1
CXQ68_RS05585,WP_013484991.1
CXQ68_RS05590,WP_013484992.1
CXQ68_RS05595,WP_013484993.1
CXQ68_RS05600,WP_013484994.1
CXQ68_RS05605,WP_013484995.1
CXQ68_RS05610,WP_041686689.1
CXQ68_RS05620,WP_013484997.1
CXQ68_RS05625,WP_013484998.1
CXQ68_RS05630,WP_013484999.1
CXQ68_RS05635,WP_013485000.1
CXQ68_RS05640,WP_013485001.1
CXQ68_RS05645,WP_013485002.1
CXQ68_RS05650,WP_013485003.1
CXQ68_RS05655,WP_041686691.1
CXQ68_RS05660,WP_013485005.1
CXQ68_RS05665,WP_013485006.1
CXQ68_RS05670,WP_013485007.1
CXQ68_RS05675,WP_013485008.1
CXQ68_RS05680,WP_013485009.1
CXQ68_RS05685,WP_041686693.1
CXQ68_RS05690,WP_013485011.1
CXQ68_RS05695,WP_013485012.1
CXQ68_RS05700,WP_013485013.1
CXQ68_RS05705,WP_013485014.1
CXQ68_RS05710,WP_013485015.1
CXQ68_RS05715,WP_013485016.1
CXQ68_RS05720,WP_013485017.1
CXQ68_RS05725,WP_013485018.1
CXQ68_RS05730,WP_013485019.1
CXQ68_RS05735,WP_013485020.1
CXQ68_RS05740,WP_013485021.1
CXQ68_RS05745,WP_013485022.1
CXQ68_RS05750,WP_013485023.1
CXQ68_RS05755,WP_013485024.1
CXQ68_RS05760,WP_013485025.1
CXQ68_RS05770,WP_013485026.1
CXQ68_RS05775,WP_013485027.1
CXQ68_RS14570,WP_137143857.1
CXQ68_RS05790,WP_013485028.1
CXQ68_RS05795,WP_013485029.1
CXQ68_RS05800,WP_013485030.1
CXQ68_RS05805,WP_013485031.1
CXQ68_RS05810,WP_137143858.1
CXQ68_RS05815,WP_013485033.1
CXQ68_RS05820,WP_013485034.1
CXQ68_RS05825,WP_013485035.1
CXQ68_RS05830,WP_013485036.1
CXQ68_RS05835,WP_013485037.1
CXQ68_RS05840,WP_013485038.1
CXQ68_RS05845,WP_013485039.1
CXQ68_RS05850,WP_013485040.1
CXQ68_RS05855,WP_013485041.1
CXQ68_RS05860,WP_106919206.1
CXQ68_RS05865,WP_013485043.1
CXQ68_RS05870,WP_013485044.1
CXQ68_RS14575,WP_175405612.1
CXQ68_RS14580,WP_159033361.1
CXQ68_RS05880,WP_013485046.1
CXQ68_RS05885,WP_013485047.1
CXQ68_RS05890,WP_013485048.1
CXQ68_RS05895,WP_013485049.1
CXQ68_RS05900,WP_013485050.1
CXQ68_RS05905,WP_013485051.1
CXQ68_RS05910,WP_013485052.1
CXQ68_RS05915,WP_041687237.1
CXQ68_RS05920,WP_013485054.1
CXQ68_RS05925,WP_013485055.1
CXQ68_RS05930,WP_041687239.1
CXQ68_RS05935,WP_013485057.1
CXQ68_RS05940,WP_013485058.1
CXQ68_RS05945,WP_013485059.1
CXQ68_RS05950,WP_013485060.1
CXQ68_RS05955,WP_013485061.1
CXQ68_RS05960,WP_013485062.1
CXQ68_RS05965,WP_013485063.1
CXQ68_RS05970,WP_013485064.1
CXQ68_RS05975,WP_013485065.1
CXQ68_RS05980,WP_013485066.1
CXQ68_RS05985,WP_013485067.1
CXQ68_RS05990,WP_013485068.1
CXQ68_RS05995,WP_013485069.1
CXQ68_RS06000,WP_013485070.1
CXQ68_RS06005,WP_013485072.1
CXQ68_RS06010,WP_159033362.1
CXQ68_RS06015,WP_013485074.1
CXQ68_RS06020,WP_159033363.1
CXQ68_RS06025,WP_013485076.1
CXQ68_RS06030,WP_013485077.1
CXQ68_RS06035,WP_013485078.1
CXQ68_RS06040,WP_013485079.1
CXQ68_RS06045,WP_013485080.1
CXQ68_RS06050,WP_013485081.1
CXQ68_RS06055,WP_013485082.1
CXQ68_RS06060,WP_013485083.1
CXQ68_RS06065,WP_013485084.1
CXQ68_RS06070,WP_013485085.1
CXQ68_RS06075,WP_013485086.1
CXQ68_RS06080,WP_013485087.1
CXQ68_RS06085,WP_013485088.1
CXQ68_RS06090,WP_083803635.1
CXQ68_RS06100,WP_013485090.1
CXQ68_RS06105,WP_013485091.1
CXQ68_RS06110,WP_013485092.1
CXQ68_RS06115,WP_013485093.1
CXQ68_RS06120,WP_242822111.1
CXQ68_RS06125,WP_013485095.1
CXQ68_RS06135,WP_013485097.1
CXQ68_RS06140,WP_013485098.1
CXQ68_RS06145,WP_013485099.1
CXQ68_RS06150,WP_013485100.1
CXQ68_RS06155,WP_013485101.1
CXQ68_RS06160,WP_013485102.1
CXQ68_RS06165,WP_041687255.1
CXQ68_RS06170,WP_013485104.1
CXQ68_RS06175,WP_041686715.1
CXQ68_RS06180,WP_013485106.1
CXQ68_RS06190,WP_013485108.1
CXQ68_RS06195,WP_013485109.1
CXQ68_RS06200,WP_013485110.1
CXQ68_RS06205,WP_013485111.1
CXQ68_RS06210,WP_049776570.1
CXQ68_RS06215,WP_013485113.1
CXQ68_RS06220,WP_013485114.1
CXQ68_RS06225,WP_013485115.1
CXQ68_RS06230,WP_013485116.1
CXQ68_RS06235,WP_013485117.1
CXQ68_RS06240,WP_013485118.1
CXQ68_RS06245,WP_013485119.1
CXQ68_RS06250,WP_013485120.1
CXQ68_RS06255,WP_013485121.1
CXQ68_RS06260,WP_013485122.1
CXQ68_RS06265,WP_041687269.1
CXQ68_RS06270,WP_013485124.1
CXQ68_RS06275,WP_013485125.1
CXQ68_RS06280,WP_013485126.1
CXQ68_RS06285,WP_013485127.1
CXQ68_RS06290,WP_013485128.1
CXQ68_RS06295,WP_013485129.1
CXQ68_RS06300,WP_013485130.1
CXQ68_RS06305,WP_013485131.1
CXQ68_RS06310,WP_242822099.1
CXQ68_RS06315,WP_341349199.1
CXQ68_RS06320,WP_041686721.1
CXQ68_RS14585,WP_137143861.1
CXQ68_RS06330,WP_013485133.1
CXQ68_RS06335,WP_013485134.1
CXQ68_RS14590,WP_013485135.1
CXQ68_RS06350,WP_013485136.1
CXQ68_RS06355,WP_013485137.1
CXQ68_RS06360,WP_013485138.1
CXQ68_RS14595,WP_137143862.1
CXQ68_RS06370,WP_013485140.1
CXQ68_RS06375,WP_013485141.1
CXQ68_RS06380,WP_013485142.1
CXQ68_RS06385,WP_013485143.1
CXQ68_RS06390,WP_013484564.1
CXQ68_RS06395,WP_242822068.1
CXQ68_RS06400,WP_013484562.1
CXQ68_RS06405,WP_013484866.1
CXQ68_RS06410,WP_341458432.1
CXQ68_RS15045,WP_242981091.1
CXQ68_RS06415,WP_041686729.1
CXQ68_RS06420,WP_013485145.1
CXQ68_RS06425,WP_013485146.1
CXQ68_RS06430,WP_013485147.1
CXQ68_RS06435,WP_013485148.1
CXQ68_RS06440,WP_013485149.1
CXQ68_RS06445,WP_013485150.1
CXQ68_RS06455,WP_013485043.1
CXQ68_RS06460,WP_198009337.1
CXQ68_RS14855,WP_198009338.1
CXQ68_RS06465,WP_013485151.1
CXQ68_RS06470,WP_013485152.1
CXQ68_RS06475,WP_013485153.1
CXQ68_RS14605,WP_137143863.1
CXQ68_RS06485,WP_013485155.1
CXQ68_RS06490,WP_013485156.1
CXQ68_RS06495,WP_013485157.1
CXQ68_RS06500,WP_013485158.1
CXQ68_RS06505,WP_013485159.1
CXQ68_RS06510,WP_013485160.1
CXQ68_RS06515,WP_013485161.1
CXQ68_RS06520,WP_083803644.1
CXQ68_RS06525,WP_013485163.1
CXQ68_RS06530,WP_013485164.1
CXQ68_RS06535,WP_013485165.1
CXQ68_RS14610,WP_013485166.1
CXQ68_RS06550,WP_013485167.1
CXQ68_RS06555,WP_137143864.1
CXQ68_RS06560,WP_013485043.1
CXQ68_RS06565,WP_083803647.1
CXQ68_RS06570,WP_013485168.1
CXQ68_RS06575,WP_013485169.1
CXQ68_RS06580,WP_013485170.1
CXQ68_RS06595,WP_013485173.1
CXQ68_RS06600,WP_013485174.1
CXQ68_RS06605,WP_013485175.1
CXQ68_RS06610,WP_013485176.1
CXQ68_RS06615,WP_013485177.1
CXQ68_RS06620,WP_013485178.1
CXQ68_RS06625,WP_013485179.1
CXQ68_RS06630,WP_013485180.1
CXQ68_RS06635,WP_013485181.1
CXQ68_RS06640,WP_013485182.1
CXQ68_RS06645,WP_041686745.1
CXQ68_RS06650,WP_137143865.1
CXQ68_RS06655,WP_013485183.1
CXQ68_RS06665,WP_013485184.1
CXQ68_RS14860,WP_013485185.1
CXQ68_RS06670,WP_041687283.1
CXQ68_RS06680,WP_013485187.1
CXQ68_RS06685,WP_013485188.1
CXQ68_RS06690,WP_013485189.1
CXQ68_RS06695,WP_013485190.1
CXQ68_RS06700,WP_041687286.1
CXQ68_RS06705,WP_013485192.1
CXQ68_RS06710,WP_013485193.1
CXQ68_RS06715,WP_013485194.1
CXQ68_RS06720,WP_013485195.1
CXQ68_RS06725,WP_049776575.1
CXQ68_RS06730,WP_242822113.1
CXQ68_RS06735,WP_013485198.1
CXQ68_RS06740,WP_013485199.1
CXQ68_RS06745,WP_013485200.1
CXQ68_RS06755,WP_013485202.1
CXQ68_RS06760,WP_013485203.1
CXQ68_RS06765,WP_013485204.1
CXQ68_RS06770,WP_013485205.1
CXQ68_RS06775,WP_013485206.1
CXQ68_RS06780,WP_013485207.1
CXQ68_RS14615,WP_013485208.1
CXQ68_RS06785,WP_175405615.1
CXQ68_RS06790,WP_013485210.1
CXQ68_RS06795,WP_013485211.1
CXQ68_RS06800,WP_013485212.1
CXQ68_RS06805,WP_013485213.1
CXQ68_RS06810,WP_013485214.1
CXQ68_RS06815,WP_013485215.1
CXQ68_RS06820,WP_013485216.1
CXQ68_RS06825,WP_013485217.1
CXQ68_RS06830,WP_013485218.1
CXQ68_RS06835,WP_013485219.1
CXQ68_RS06840,WP_013485220.1
CXQ68_RS06845,WP_013485221.1
CXQ68_RS06850,WP_013485222.1
CXQ68_RS06855,WP_013485223.1
CXQ68_RS06860,WP_013485224.1
CXQ68_RS06865,WP_041687308.1
CXQ68_RS06870,WP_013485226.1
CXQ68_RS14620,WP_137143867.1
CXQ68_RS06875,WP_013485227.1
CXQ68_RS06880,WP_013485228.1
CXQ68_RS06885,WP_013485229.1
CXQ68_RS06890,WP_013485230.1
CXQ68_RS06895,WP_013485231.1
CXQ68_RS06900,WP_013485232.1
CXQ68_RS15205,WP_278244196.1
CXQ68_RS06905,WP_137143868.1
CXQ68_RS06915,WP_013485234.1
CXQ68_RS06920,WP_013485235.1
CXQ68_RS06925,WP_041687311.1
CXQ68_RS06930,WP_013485237.1
CXQ68_RS06935,WP_013485238.1
CXQ68_RS06940,WP_041687315.1
CXQ68_RS06945,WP_013485240.1
CXQ68_RS06950,WP_013485241.1
CXQ68_RS06955,WP_013485242.1
CXQ68_RS06960,WP_013485243.1
CXQ68_RS06965,WP_013485244.1
CXQ68_RS06970,WP_013485245.1
CXQ68_RS06975,WP_013485246.1
CXQ68_RS06985,WP_013485247.1
CXQ68_RS06990,WP_013485248.1
CXQ68_RS07000,WP_013485249.1
CXQ68_RS07005,WP_242981092.1
CXQ68_RS15210,WP_278244197.1
CXQ68_RS07015,WP_013485250.1
CXQ68_RS07020,WP_013485251.1
CXQ68_RS07025,WP_013485252.1
CXQ68_RS07030,WP_013485253.1
CXQ68_RS07035,WP_041687320.1
CXQ68_RS07040,WP_013485255.1
CXQ68_RS07045,WP_013485256.1
CXQ68_RS07050,WP_013485257.1
CXQ68_RS14865,WP_013485258.1
CXQ68_RS07060,WP_041687322.1
CXQ68_RS07065,WP_013485260.1
CXQ68_RS07070,WP_013485261.1
CXQ68_RS07075,WP_013485262.1
CXQ68_RS07085,WP_083803654.1
CXQ68_RS07090,WP_013485264.1
CXQ68_RS07095,WP_137143869.1
CXQ68_RS07100,WP_159033364.1
CXQ68_RS07105,WP_013485266.1
CXQ68_RS07110,WP_013485267.1
CXQ68_RS07115,WP_242822100.1
CXQ68_RS07120,WP_013485269.1
CXQ68_RS07125,WP_013485270.1
CXQ68_RS07130,WP_013485271.1
CXQ68_RS07135,WP_013485272.1
CXQ68_RS07140,WP_013485273.1
CXQ68_RS07145,WP_013485274.1
CXQ68_RS07150,WP_013485275.1
CXQ68_RS14630,WP_013485276.1
CXQ68_RS07160,WP_013485277.1
CXQ68_RS07165,WP_013485278.1
CXQ68_RS07170,WP_013485279.1
CXQ68_RS07175,WP_013485280.1
CXQ68_RS07180,WP_013485281.1
CXQ68_RS07185,WP_013485282.1
CXQ68_RS07190,WP_013485283.1
CXQ68_RS07195,WP_013485284.1
CXQ68_RS07200,WP_013485285.1
CXQ68_RS07205,WP_013485286.1
CXQ68_RS07215,WP_013485287.1
CXQ68_RS07220,WP_013485288.1
CXQ68_RS07225,WP_013485289.1
CXQ68_RS07230,WP_013485290.1
CXQ68_RS07235,WP_013485291.1
CXQ68_RS07240,WP_041686755.1
CXQ68_RS07245,WP_013485293.1
CXQ68_RS07250,WP_013485294.1
CXQ68_RS07255,WP_013485295.1
CXQ68_RS07260,WP_013485296.1
CXQ68_RS07265,WP_013485297.1
CXQ68_RS07270,WP_013485298.1
CXQ68_RS07275,WP_013485299.1
CXQ68_RS07280,WP_013485300.1
CXQ68_RS07285,WP_013485301.1
CXQ68_RS07290,WP_013485302.1
CXQ68_RS07295,WP_013485303.1
CXQ68_RS07300,WP_013485304.1
CXQ68_RS07305,WP_013485305.1
CXQ68_RS07310,WP_013485306.1
CXQ68_RS07315,WP_137143873.1
CXQ68_RS07320,WP_013485308.1
CXQ68_RS07325,WP_013485310.1
CXQ68_RS07330,WP_013485311.1
CXQ68_RS15055,WP_242981089.1
CXQ68_RS07340,WP_013485313.1
CXQ68_RS07345,WP_013485314.1
CXQ68_RS07350,WP_013485315.1
CXQ68_RS07355,WP_013485316.1
CXQ68_RS07360,WP_013485317.1
CXQ68_RS07365,WP_013485318.1
CXQ68_RS07370,WP_013485319.1
CXQ68_RS07375,WP_013485320.1
CXQ68_RS07380,WP_013485321.1
CXQ68_RS07385,WP_013485322.1
CXQ68_RS07390,WP_013485323.1
CXQ68_RS07395,WP_013485324.1
CXQ68_RS07400,WP_013485325.1
CXQ68_RS07405,WP_013485326.1
CXQ68_RS07410,WP_013485327.1
CXQ68_RS07415,WP_013485328.1
CXQ68_RS07420,WP_013485329.1
CXQ68_RS07425,WP_013485330.1
CXQ68_RS07430,WP_013485331.1
CXQ68_RS07435,WP_013485332.1
CXQ68_RS07440,WP_013485333.1
CXQ68_RS07445,WP_013485334.1
CXQ68_RS07450,WP_013485335.1
CXQ68_RS07460,WP_013485337.1
CXQ68_RS07465,WP_013485338.1
CXQ68_RS07470,WP_013485339.1
CXQ68_RS07475,WP_013485340.1
CXQ68_RS07480,WP_013485341.1
CXQ68_RS07485,WP_013485342.1
CXQ68_RS07490,WP_013485343.1
CXQ68_RS07495,WP_013485344.1
CXQ68_RS07500,WP_013485345.1
CXQ68_RS07505,WP_049776580.1
CXQ68_RS07510,WP_013485347.1
CXQ68_RS07515,WP_013485348.1
CXQ68_RS07520,WP_013485349.1
CXQ68_RS07525,WP_013485350.1
CXQ68_RS07530,WP_013485351.1
CXQ68_RS07535,WP_013485352.1
CXQ68_RS07540,WP_013485353.1
CXQ68_RS07545,WP_013485354.1
CXQ68_RS14635,WP_137143874.1
CXQ68_RS07550,WP_013485355.1
CXQ68_RS07555,WP_013485356.1
CXQ68_RS07560,WP_013485357.1
CXQ68_RS07565,WP_013485358.1
CXQ68_RS07570,WP_013485359.1
CXQ68_RS07575,WP_013485361.1
CXQ68_RS07580,WP_013485362.1
CXQ68_RS07585,WP_013485363.1
CXQ68_RS07590,WP_013485364.1
CXQ68_RS07595,WP_013485365.1
CXQ68_RS07600,WP_013485366.1
CXQ68_RS07605,WP_013485367.1
CXQ68_RS07610,WP_013485368.1
CXQ68_RS07620,WP_013485369.1
CXQ68_RS07625,WP_013485370.1
CXQ68_RS07635,WP_013485372.1
CXQ68_RS07640,WP_013485373.1
CXQ68_RS07645,WP_013485374.1
CXQ68_RS07650,WP_013485375.1
CXQ68_RS07655,WP_013485376.1
CXQ68_RS07660,WP_041686765.1
CXQ68_RS07665,WP_013485378.1
CXQ68_RS07670,WP_013485379.1
CXQ68_RS07675,WP_013485380.1
CXQ68_RS07680,WP_013485381.1
CXQ68_RS07685,WP_013485382.1
CXQ68_RS07690,WP_013485383.1
CXQ68_RS07695,WP_013485384.1
CXQ68_RS07700,WP_013485385.1
CXQ68_RS07705,WP_013485386.1
CXQ68_RS07710,WP_013485387.1
CXQ68_RS07715,WP_013485388.1
CXQ68_RS07720,WP_013485389.1
CXQ68_RS07725,WP_013485390.1
CXQ68_RS07730,WP_013485391.1
CXQ68_RS14640,WP_013485392.1
CXQ68_RS07735,WP_013485393.1
CXQ68_RS07740,WP_013485394.1
CXQ68_RS07745,WP_013485395.1
CXQ68_RS07750,WP_013485396.1
CXQ68_RS07755,WP_242822055.1
CXQ68_RS07760,WP_013485398.1
CXQ68_RS07765,WP_013485399.1
CXQ68_RS07770,WP_013485400.1
CXQ68_RS15235,WP_341349182.1
CXQ68_RS15240,WP_341458428.1
CXQ68_RS07780,WP_013485401.1
CXQ68_RS07785,WP_013485402.1
CXQ68_RS07790,WP_013485403.1
CXQ68_RS07795,WP_041687369.1
CXQ68_RS07805,WP_013485407.1
CXQ68_RS07810,WP_013485408.1
CXQ68_RS07815,WP_013485409.1
CXQ68_RS07820,WP_013485410.1
CXQ68_RS07825,WP_013485411.1
CXQ68_RS07830,WP_049776582.1
CXQ68_RS07835,WP_013485413.1
CXQ68_RS07840,WP_013485414.1
CXQ68_RS07845,WP_013485415.1
CXQ68_RS07850,WP_013485416.1
CXQ68_RS07855,WP_013485417.1
CXQ68_RS07860,WP_013485418.1
CXQ68_RS07865,WP_013485419.1
CXQ68_RS07870,WP_013485420.1
CXQ68_RS07875,WP_013485421.1
CXQ68_RS07880,WP_013485422.1
CXQ68_RS07885,WP_013485423.1
CXQ68_RS07890,WP_041686771.1
CXQ68_RS07895,WP_013485425.1
CXQ68_RS07900,WP_341349184.1
CXQ68_RS07905,WP_013485427.1
CXQ68_RS07910,WP_013485428.1
CXQ68_RS07915,WP_013485429.1
CXQ68_RS07920,WP_013485430.1
CXQ68_RS07925,WP_013485431.1
CXQ68_RS07930,WP_013485432.1
CXQ68_RS07935,WP_013485433.1
CXQ68_RS07940,WP_013485434.1
CXQ68_RS07945,WP_013485435.1
CXQ68_RS07950,WP_013485436.1
CXQ68_RS07955,WP_013485437.1
CXQ68_RS07960,WP_106919223.1
CXQ68_RS07965,WP_041686777.1
CXQ68_RS07970,WP_106919224.1
CXQ68_RS07975,WP_013485441.1
CXQ68_RS07980,WP_013485442.1
CXQ68_RS07985,WP_013485443.1
CXQ68_RS07990,WP_013485444.1
CXQ68_RS07995,WP_013485445.1
CXQ68_RS08000,WP_137143876.1
CXQ68_RS08005,WP_013485446.1
CXQ68_RS08010,WP_013485447.1
CXQ68_RS08015,WP_159033365.1
CXQ68_RS08020,WP_013485449.1
CXQ68_RS08025,WP_013485450.1
CXQ68_RS08030,WP_041687391.1
CXQ68_RS08035,WP_049776655.1
CXQ68_RS08040,WP_013485453.1
CXQ68_RS08045,WP_013485454.1
CXQ68_RS08050,WP_013485455.1
CXQ68_RS08055,WP_013485456.1
CXQ68_RS08060,WP_013485457.1
CXQ68_RS08065,WP_013485458.1
CXQ68_RS08070,WP_041686783.1
CXQ68_RS08075,WP_013485459.1
CXQ68_RS08080,WP_013485460.1
CXQ68_RS08085,WP_041687393.1
CXQ68_RS08090,WP_013485462.1
CXQ68_RS08095,WP_013485463.1
CXQ68_RS08100,WP_013485464.1
CXQ68_RS08105,WP_013485465.1
CXQ68_RS08110,WP_013485466.1
CXQ68_RS08115,WP_013485467.1
CXQ68_RS08120,WP_013485468.1
CXQ68_RS08125,WP_013485469.1
CXQ68_RS08130,WP_013485470.1
CXQ68_RS08135,WP_013485471.1
CXQ68_RS08140,WP_013485472.1
CXQ68_RS08145,WP_013485473.1
CXQ68_RS08155,WP_013485474.1
CXQ68_RS08160,WP_013485475.1
CXQ68_RS08165,WP_013485476.1
CXQ68_RS08170,WP_013485477.1
CXQ68_RS08175,WP_013485478.1
CXQ68_RS08180,WP_013485479.1
CXQ68_RS08185,WP_013485480.1
CXQ68_RS08190,WP_013485481.1
CXQ68_RS08195,WP_013485482.1
CXQ68_RS08200,WP_013485483.1
CXQ68_RS08205,WP_013485484.1
CXQ68_RS08210,WP_013485485.1
CXQ68_RS08215,WP_013485486.1
CXQ68_RS15060,WP_242822056.1
CXQ68_RS08225,WP_013485487.1
CXQ68_RS08230,WP_013485488.1
CXQ68_RS08235,WP_013485489.1
CXQ68_RS08240,WP_013485490.1
CXQ68_RS08245,WP_013485491.1
CXQ68_RS08250,WP_013485492.1
CXQ68_RS08255,WP_013485493.1
CXQ68_RS08260,WP_013485494.1
CXQ68_RS08265,WP_013485495.1
CXQ68_RS08270,WP_013485496.1
CXQ68_RS08275,WP_013485497.1
CXQ68_RS08280,WP_013485498.1
CXQ68_RS08285,WP_013485499.1
CXQ68_RS08290,WP_013485500.1
CXQ68_RS08295,WP_013485501.1
CXQ68_RS08300,WP_013485502.1
CXQ68_RS08305,WP_049776656.1
CXQ68_RS08310,WP_013485504.1
CXQ68_RS08315,WP_013485505.1
CXQ68_RS08320,WP_013485506.1
CXQ68_RS08325,WP_013485507.1
CXQ68_RS08330,WP_013485508.1
CXQ68_RS08335,WP_013485509.1
CXQ68_RS08340,WP_013485510.1
CXQ68_RS08345,WP_013485511.1
CXQ68_RS08350,WP_013485512.1
CXQ68_RS08355,WP_013485513.1
CXQ68_RS08360,WP_013485514.1
CXQ68_RS08365,WP_013485515.1
CXQ68_RS08370,WP_013485516.1
CXQ68_RS08375,WP_013485517.1
CXQ68_RS08380,WP_242822116.1
CXQ68_RS08385,WP_013485519.1
CXQ68_RS08390,WP_049776587.1
CXQ68_RS08395,WP_013485521.1
CXQ68_RS08400,WP_013485522.1
CXQ68_RS08405,WP_013485523.1
CXQ68_RS08410,WP_013485524.1
CXQ68_RS08415,WP_013485525.1
CXQ68_RS08420,WP_049776588.1
CXQ68_RS08425,WP_013485527.1
CXQ68_RS08430,WP_013485528.1
CXQ68_RS08435,WP_278244204.1
CXQ68_RS14645,WP_013485530.1
CXQ68_RS08445,WP_013485531.1
CXQ68_RS08450,WP_013485532.1
CXQ68_RS08455,WP_013485533.1
CXQ68_RS08460,WP_013485534.1
CXQ68_RS08465,WP_013485535.1
CXQ68_RS08470,WP_013485536.1
CXQ68_RS08475,WP_278244169.1
CXQ68_RS08480,WP_013485538.1
CXQ68_RS08485,WP_013485539.1
CXQ68_RS08490,WP_013485540.1
CXQ68_RS08495,WP_013485541.1
CXQ68_RS08500,WP_013485542.1
CXQ68_RS08510,WP_013485543.1
CXQ68_RS08515,WP_013485544.1
CXQ68_RS08520,WP_013485545.1
CXQ68_RS08525,WP_013485546.1
CXQ68_RS08530,WP_013485547.1
CXQ68_RS08535,WP_013485548.1
CXQ68_RS08540,WP_013485549.1
CXQ68_RS08545,WP_013485550.1
CXQ68_RS08550,WP_013485551.1
CXQ68_RS08555,WP_013485552.1
CXQ68_RS08560,WP_242822057.1
CXQ68_RS15065,WP_242822058.1
CXQ68_RS08570,WP_013485554.1
CXQ68_RS08580,WP_013485555.1
CXQ68_RS08585,WP_013485556.1
CXQ68_RS08590,WP_013485557.1
CXQ68_RS08595,WP_013485558.1
CXQ68_RS08600,WP_013484564.1
CXQ68_RS08605,WP_242822068.1
CXQ68_RS08610,WP_013484562.1
CXQ68_RS08615,WP_013485743.1
CXQ68_RS15070,WP_242822062.1
CXQ68_RS15075,WP_162932063.1
CXQ68_RS14655,WP_013485560.1
CXQ68_RS08635,WP_013485561.1
CXQ68_RS08640,WP_013485562.1
CXQ68_RS08645,WP_013485563.1
CXQ68_RS08650,WP_013485565.1
CXQ68_RS08655,WP_013485566.1
CXQ68_RS08660,WP_013485567.1
CXQ68_RS08665,WP_013485568.1
CXQ68_RS14660,WP_137143878.1
CXQ68_RS08680,WP_013485570.1
CXQ68_RS08685,WP_013485571.1
CXQ68_RS08695,WP_013485572.1
CXQ68_RS08700,WP_013485573.1
CXQ68_RS08705,WP_013485574.1
CXQ68_RS14875,WP_013485575.1
CXQ68_RS08710,WP_013485576.1
CXQ68_RS08715,WP_242822061.1
CXQ68_RS08720,WP_041686793.1
CXQ68_RS08725,WP_013485578.1
CXQ68_RS08735,WP_041687433.1
CXQ68_RS08740,WP_013485580.1
CXQ68_RS15085,WP_162932063.1
CXQ68_RS15090,WP_242822084.1
CXQ68_RS08760,WP_013484866.1
CXQ68_RS08765,WP_041686794.1
CXQ68_RS08770,WP_041686795.1
CXQ68_RS08775,WP_013485582.1
CXQ68_RS08780,WP_013485583.1
CXQ68_RS08785,WP_013485584.1
CXQ68_RS14665,WP_156793975.1
CXQ68_RS08790,WP_013485585.1
CXQ68_RS08795,WP_013485586.1
CXQ68_RS08800,WP_013485587.1
CXQ68_RS08805,WP_013485588.1
CXQ68_RS08810,WP_013485589.1
CXQ68_RS08815,WP_013485590.1
CXQ68_RS08820,WP_013485591.1
CXQ68_RS08825,WP_013485592.1
CXQ68_RS08830,WP_013485593.1
CXQ68_RS08835,WP_013485594.1
CXQ68_RS08840,WP_198009341.1
CXQ68_RS08845,WP_041687439.1
CXQ68_RS08850,WP_013485597.1
CXQ68_RS08855,WP_013485598.1
CXQ68_RS08860,WP_013485599.1
CXQ68_RS08865,WP_013485600.1
CXQ68_RS08870,WP_013485601.1
CXQ68_RS08875,WP_041686797.1
CXQ68_RS08880,WP_041687441.1
CXQ68_RS08885,WP_013485604.1
CXQ68_RS08890,WP_013485605.1
CXQ68_RS08895,WP_013485606.1
CXQ68_RS08900,WP_013485607.1
CXQ68_RS08905,WP_243112254.1
CXQ68_RS08910,WP_013485609.1
CXQ68_RS08915,WP_041686798.1
CXQ68_RS08920,WP_013485611.1
CXQ68_RS08925,WP_013485612.1
CXQ68_RS08930,WP_013485613.1
CXQ68_RS08935,WP_041686799.1
CXQ68_RS08940,WP_013485615.1
CXQ68_RS08945,WP_013485616.1
CXQ68_RS08950,WP_013485617.1
CXQ68_RS08955,WP_041686800.1
CXQ68_RS08960,WP_013485618.1
CXQ68_RS08965,WP_013485619.1
CXQ68_RS14885,WP_013485620.1
CXQ68_RS08970,WP_013485621.1
CXQ68_RS08975,WP_013485622.1
CXQ68_RS08980,WP_013485623.1
CXQ68_RS08985,WP_013485624.1
CXQ68_RS08990,WP_013485625.1
CXQ68_RS08995,WP_013485626.1
CXQ68_RS09000,WP_013485627.1
CXQ68_RS09005,WP_013485628.1
CXQ68_RS09010,WP_013485629.1
CXQ68_RS14890,WP_013485630.1
CXQ68_RS09020,WP_013485043.1
CXQ68_RS14670,WP_137143879.1
CXQ68_RS09030,WP_013485631.1
CXQ68_RS09035,WP_013485632.1
CXQ68_RS09040,WP_013485633.1
CXQ68_RS09045,WP_013485634.1
CXQ68_RS09050,WP_013485635.1
CXQ68_RS09055,WP_013485636.1
CXQ68_RS09060,WP_041687458.1
CXQ68_RS09065,WP_013485638.1
CXQ68_RS09070,WP_175405628.1
CXQ68_RS09075,WP_013485640.1
CXQ68_RS09080,WP_013485641.1
CXQ68_RS09085,WP_013485642.1
CXQ68_RS09090,WP_013485643.1
CXQ68_RS09095,WP_013485644.1
CXQ68_RS09100,WP_013485645.1
CXQ68_RS09105,WP_013485646.1
CXQ68_RS09110,WP_013485647.1
CXQ68_RS09115,WP_013485648.1
CXQ68_RS09120,WP_013485649.1
CXQ68_RS09125,WP_013485650.1
CXQ68_RS09130,WP_013485651.1
CXQ68_RS09135,WP_013485652.1
CXQ68_RS09140,WP_013485653.1
CXQ68_RS09145,WP_013485654.1
CXQ68_RS09155,WP_013485655.1
CXQ68_RS09160,WP_013485656.1
CXQ68_RS09165,WP_013485657.1
CXQ68_RS09170,WP_013485658.1
CXQ68_RS09175,WP_013485659.1
CXQ68_RS09180,WP_013485660.1
CXQ68_RS09185,WP_013485661.1
CXQ68_RS09190,WP_013485662.1
CXQ68_RS09195,WP_013485663.1
CXQ68_RS09200,WP_013485664.1
CXQ68_RS14675,WP_013485665.1
CXQ68_RS09210,WP_013485666.1
CXQ68_RS09215,WP_013485667.1
CXQ68_RS09220,WP_013485668.1
CXQ68_RS09225,WP_013485669.1
CXQ68_RS09230,WP_013485670.1
CXQ68_RS09235,WP_013485671.1
CXQ68_RS09240,WP_013485672.1
CXQ68_RS09245,WP_013485673.1
CXQ68_RS09250,WP_013485674.1
CXQ68_RS09255,WP_013485675.1
CXQ68_RS09260,WP_013485676.1
CXQ68_RS09265,WP_137143880.1
CXQ68_RS09270,WP_013485677.1
CXQ68_RS09275,WP_242822063.1
CXQ68_RS09280,WP_013485679.1
CXQ68_RS09285,WP_013485680.1
CXQ68_RS09290,WP_013485681.1
CXQ68_RS09295,WP_013485682.1
CXQ68_RS09300,WP_013485683.1
CXQ68_RS09305,WP_013485684.1
CXQ68_RS09310,WP_013485685.1
CXQ68_RS09315,WP_013485686.1
CXQ68_RS09320,WP_013485687.1
CXQ68_RS09325,WP_013485688.1
CXQ68_RS09330,WP_013485689.1
CXQ68_RS09335,WP_013485690.1
CXQ68_RS09340,WP_013485691.1
CXQ68_RS09345,WP_013485692.1
CXQ68_RS09350,WP_013485693.1
CXQ68_RS09355,WP_013485694.1
CXQ68_RS09360,WP_013485695.1
CXQ68_RS09365,WP_013485696.1
CXQ68_RS09370,WP_013485697.1
CXQ68_RS09375,WP_013485698.1
CXQ68_RS09380,WP_013485699.1
CXQ68_RS09385,WP_013485700.1
CXQ68_RS09390,WP_013485701.1
CXQ68_RS09395,WP_013485702.1
CXQ68_RS09400,WP_013485703.1
CXQ68_RS09405,WP_013485704.1
CXQ68_RS14895,WP_198009331.1
CXQ68_RS09415,WP_013485705.1
CXQ68_RS09420,WP_013485706.1
CXQ68_RS09425,WP_013485707.1
CXQ68_RS09430,WP_013485708.1
CXQ68_RS09435,WP_013485709.1
CXQ68_RS09440,WP_175405630.1
CXQ68_RS09445,WP_013485711.1
CXQ68_RS09450,WP_013485712.1
CXQ68_RS09455,WP_013485713.1
CXQ68_RS09460,WP_013485714.1
CXQ68_RS09465,WP_013485715.1
CXQ68_RS09470,WP_013485716.1
CXQ68_RS09475,WP_013485717.1
CXQ68_RS09480,WP_013485718.1
CXQ68_RS09485,WP_013485719.1
CXQ68_RS14900,WP_013485720.1
CXQ68_RS09490,WP_013485721.1
CXQ68_RS09500,WP_013485724.1
CXQ68_RS09505,WP_013485725.1
CXQ68_RS09510,WP_013485726.1
CXQ68_RS09515,WP_013485727.1
CXQ68_RS09520,WP_013485728.1
CXQ68_RS09525,WP_013485729.1
CXQ68_RS14905,WP_013485730.1
CXQ68_RS09530,WP_013485731.1
CXQ68_RS09535,WP_013485732.1
CXQ68_RS09540,WP_013485733.1
CXQ68_RS09545,WP_013485734.1
CXQ68_RS09550,WP_013485735.1
CXQ68_RS09555,WP_013485736.1
CXQ68_RS09560,WP_013485737.1
CXQ68_RS09565,WP_013485738.1
CXQ68_RS09575,WP_013485739.1
CXQ68_RS09580,WP_013485740.1
CXQ68_RS09585,WP_013485741.1
CXQ68_RS14680,WP_013485742.1
CXQ68_RS15100,WP_162932073.1
CXQ68_RS15105,WP_242822062.1
CXQ68_RS09605,WP_013485743.1
CXQ68_RS09610,WP_013485744.1
CXQ68_RS09615,WP_013485745.1
CXQ68_RS09620,WP_041686807.1
CXQ68_RS09625,WP_041686808.1
CXQ68_RS09630,WP_013485748.1
CXQ68_RS09635,WP_013485749.1
CXQ68_RS09640,WP_013485750.1
CXQ68_RS09645,WP_013485751.1
CXQ68_RS09650,WP_013485752.1
CXQ68_RS09655,WP_013485753.1
CXQ68_RS09660,WP_013485754.1
CXQ68_RS09665,WP_013485755.1
CXQ68_RS09670,WP_013485756.1
CXQ68_RS09675,WP_013485757.1
CXQ68_RS09680,WP_013485758.1
CXQ68_RS09685,WP_013485759.1
CXQ68_RS09690,WP_013485760.1
CXQ68_RS09695,WP_013485761.1
CXQ68_RS09700,WP_013485762.1
CXQ68_RS09705,WP_013485763.1
CXQ68_RS09710,WP_013485764.1
CXQ68_RS09715,WP_013485765.1
CXQ68_RS09720,WP_013485766.1
CXQ68_RS09725,WP_013485767.1
CXQ68_RS09730,WP_013485768.1
CXQ68_RS09735,WP_013485769.1
CXQ68_RS09740,WP_041686809.1
CXQ68_RS09745,WP_013485771.1
CXQ68_RS09750,WP_013485772.1
CXQ68_RS09755,WP_013485773.1
CXQ68_RS09760,WP_013485774.1
CXQ68_RS09770,WP_013485776.1
CXQ68_RS09775,WP_013485777.1
CXQ68_RS09785,WP_013485779.1
CXQ68_RS09790,WP_013485780.1
CXQ68_RS15115,WP_242981090.1
CXQ68_RS15120,WP_242822065.1
CXQ68_RS15250,WP_341349186.1
CXQ68_RS09800,WP_013485782.1
CXQ68_RS09805,WP_013485783.1
CXQ68_RS09810,WP_013485784.1
CXQ68_RS09815,WP_013485785.1
CXQ68_RS09820,WP_013485786.1
CXQ68_RS09825,WP_013485787.1
CXQ68_RS09830,WP_013485788.1
CXQ68_RS09835,WP_013485789.1
CXQ68_RS09840,WP_013485790.1
CXQ68_RS09845,WP_013485791.1
CXQ68_RS09850,WP_013485792.1
CXQ68_RS09855,WP_013485793.1
CXQ68_RS09860,WP_013485794.1
CXQ68_RS09865,WP_013485795.1
CXQ68_RS09870,WP_013485796.1
CXQ68_RS09875,WP_013485797.1
CXQ68_RS09880,WP_013485798.1
CXQ68_RS09885,WP_242822066.1
CXQ68_RS09890,WP_013485800.1
CXQ68_RS09895,WP_013485801.1
CXQ68_RS09905,WP_013485802.1
CXQ68_RS15130,WP_242822067.1
CXQ68_RS15135,WP_049776596.1
CXQ68_RS09915,WP_049776597.1
CXQ68_RS09920,WP_341349187.1
CXQ68_RS09925,WP_013485804.1
CXQ68_RS09930,WP_013485805.1
CXQ68_RS09935,WP_013485806.1
CXQ68_RS09940,WP_013485807.1
CXQ68_RS09945,WP_013485808.1
CXQ68_RS09950,WP_013485809.1
CXQ68_RS09955,WP_013485810.1
CXQ68_RS09960,WP_013485811.1
CXQ68_RS09965,WP_013485812.1
CXQ68_RS09970,WP_013485813.1
CXQ68_RS09975,WP_013485814.1
CXQ68_RS09980,WP_013484564.1
CXQ68_RS09985,WP_242822068.1
CXQ68_RS09990,WP_013484562.1
CXQ68_RS09995,WP_013485815.1
CXQ68_RS10000,WP_013485816.1
CXQ68_RS10005,WP_013485817.1
CXQ68_RS10010,WP_013485818.1
CXQ68_RS10015,WP_013485819.1
CXQ68_RS10020,WP_013485820.1
CXQ68_RS15140,WP_242822069.1
CXQ68_RS15145,WP_242822070.1
CXQ68_RS15150,WP_242822071.1
CXQ68_RS10040,WP_013485821.1
CXQ68_RS10045,WP_013485822.1
CXQ68_RS10055,WP_013485823.1
CXQ68_RS10060,WP_013485824.1
CXQ68_RS10065,WP_013485825.1
CXQ68_RS10070,WP_013485826.1
CXQ68_RS10075,WP_013485827.1
CXQ68_RS10080,WP_013485828.1
CXQ68_RS10085,WP_013485829.1
CXQ68_RS10090,WP_013485830.1
CXQ68_RS10095,WP_013485831.1
CXQ68_RS10100,WP_013485832.1
CXQ68_RS10105,WP_013485833.1
CXQ68_RS10110,WP_013485834.1
CXQ68_RS10115,WP_013485835.1
CXQ68_RS10120,WP_041687492.1
CXQ68_RS10125,WP_137143882.1
CXQ68_RS10130,WP_137143883.1
CXQ68_RS10135,WP_013485838.1
CXQ68_RS10140,WP_013485839.1
CXQ68_RS10145,WP_013485840.1
CXQ68_RS10150,WP_013485841.1
CXQ68_RS10155,WP_013485842.1
CXQ68_RS10160,WP_013485843.1
CXQ68_RS10165,WP_013485844.1
CXQ68_RS10170,WP_242822119.1
CXQ68_RS10175,WP_013485846.1
CXQ68_RS10180,WP_013485847.1
CXQ68_RS10185,WP_013485848.1
CXQ68_RS10190,WP_013485849.1
CXQ68_RS10195,WP_013485850.1
CXQ68_RS10200,WP_013485851.1
CXQ68_RS10205,WP_013485852.1
CXQ68_RS10210,WP_013485853.1
CXQ68_RS10215,WP_013485854.1
CXQ68_RS10220,WP_013485855.1
CXQ68_RS10225,WP_242822072.1
CXQ68_RS10230,WP_013485857.1
CXQ68_RS10235,WP_013485858.1
CXQ68_RS10240,WP_013485859.1
CXQ68_RS10245,WP_013485860.1
CXQ68_RS10250,WP_013485861.1
CXQ68_RS10255,WP_013485862.1
CXQ68_RS10260,WP_013485863.1
CXQ68_RS10265,WP_013485864.1
CXQ68_RS10270,WP_013485865.1
CXQ68_RS10275,WP_013485866.1
CXQ68_RS10280,WP_013485867.1
CXQ68_RS10285,WP_013485868.1
CXQ68_RS10290,WP_049776598.1
CXQ68_RS10295,WP_013485870.1
CXQ68_RS10300,WP_013485871.1
CXQ68_RS10305,WP_013485872.1
CXQ68_RS10310,WP_013485873.1
CXQ68_RS10315,WP_013485874.1
CXQ68_RS10320,WP_013485875.1
CXQ68_RS10325,WP_013485876.1
CXQ68_RS10330,WP_013485877.1
CXQ68_RS14945,WP_137143884.1
CXQ68_RS10335,WP_013485878.1
CXQ68_RS10340,WP_013485879.1
CXQ68_RS10345,WP_013485880.1
CXQ68_RS10350,WP_013485881.1
CXQ68_RS10355,WP_013485882.1
CXQ68_RS10360,WP_013485883.1
CXQ68_RS10365,WP_013485884.1
CXQ68_RS10370,WP_013485885.1
CXQ68_RS10375,WP_013485886.1
CXQ68_RS10380,WP_013485887.1
CXQ68_RS10385,WP_013485888.1
CXQ68_RS10390,WP_013485889.1
CXQ68_RS10400,WP_013485890.1
CXQ68_RS10405,WP_013485891.1
CXQ68_RS10410,WP_013485892.1
CXQ68_RS10420,WP_013485893.1
CXQ68_RS10425,WP_013485894.1
CXQ68_RS10430,WP_013485895.1
CXQ68_RS10435,WP_013485896.1
CXQ68_RS10440,WP_159033368.1
CXQ68_RS10445,WP_013485898.1
CXQ68_RS10450,WP_013485899.1
CXQ68_RS10455,WP_137143886.1
CXQ68_RS10460,WP_013485901.1
CXQ68_RS10465,WP_013485902.1
CXQ68_RS10470,WP_013485903.1
CXQ68_RS10475,WP_013485904.1
CXQ68_RS10480,WP_041687512.1
CXQ68_RS10485,WP_013485906.1
CXQ68_RS10490,WP_013485907.1
CXQ68_RS10495,WP_013485908.1
CXQ68_RS10500,WP_013485909.1
CXQ68_RS10505,WP_013485910.1
CXQ68_RS10510,WP_013485911.1
CXQ68_RS10515,WP_013485912.1
CXQ68_RS10520,WP_013485913.1
CXQ68_RS10525,WP_013485914.1
CXQ68_RS10530,WP_013485915.1
CXQ68_RS10535,WP_013485916.1
CXQ68_RS10540,WP_013485917.1
CXQ68_RS10545,WP_013485918.1
CXQ68_RS10550,WP_013485919.1
CXQ68_RS10555,WP_013485920.1
CXQ68_RS10560,WP_041686818.1
CXQ68_RS10565,WP_013485922.1
CXQ68_RS10570,WP_013485923.1
CXQ68_RS10575,WP_013485924.1
CXQ68_RS10580,WP_013485925.1
CXQ68_RS10585,WP_013485926.1
CXQ68_RS10590,WP_013485927.1
CXQ68_RS10595,WP_013485928.1
CXQ68_RS10600,WP_013485929.1
CXQ68_RS10605,WP_013485930.1
CXQ68_RS10610,WP_013485931.1
CXQ68_RS10615,WP_013485932.1
CXQ68_RS10620,WP_013485933.1
CXQ68_RS10625,WP_013485934.1
CXQ68_RS10630,WP_013485935.1
CXQ68_RS10635,WP_013485936.1
CXQ68_RS10640,WP_013485937.1
CXQ68_RS10645,WP_013485938.1
CXQ68_RS10650,WP_013485939.1
CXQ68_RS10655,WP_013485940.1
CXQ68_RS10660,WP_013485941.1
CXQ68_RS10665,WP_013485942.1
CXQ68_RS10670,WP_013485943.1
CXQ68_RS10675,WP_083803702.1
CXQ68_RS10680,WP_013485945.1
CXQ68_RS10685,WP_242822120.1
CXQ68_RS10690,WP_013485947.1
CXQ68_RS10695,WP_013485948.1
CXQ68_RS10700,WP_013485949.1
CXQ68_RS10705,WP_041686820.1
CXQ68_RS10710,WP_013485951.1
CXQ68_RS10715,WP_013485952.1
CXQ68_RS10720,WP_013485953.1
CXQ68_RS10725,WP_013485954.1
CXQ68_RS10730,WP_013485955.1
CXQ68_RS10735,WP_013485956.1
CXQ68_RS10740,WP_013485957.1
CXQ68_RS10745,WP_013485958.1
CXQ68_RS10750,WP_013485959.1
CXQ68_RS10755,WP_013485960.1
CXQ68_RS10760,WP_013485961.1
CXQ68_RS10765,WP_013485962.1
CXQ68_RS14685,WP_159033370.1
CXQ68_RS14690,WP_049776603.1
CXQ68_RS10775,WP_013485964.1
CXQ68_RS10780,WP_156793976.1
CXQ68_RS10785,WP_013485966.1
CXQ68_RS10790,WP_013485967.1
CXQ68_RS10795,WP_013485968.1
CXQ68_RS10800,WP_013485969.1
CXQ68_RS10805,WP_013485970.1
CXQ68_RS10810,WP_013485971.1
CXQ68_RS14695,WP_013485972.1
CXQ68_RS10815,WP_013485973.1
CXQ68_RS10820,WP_013485974.1
CXQ68_RS10825,WP_013485975.1
CXQ68_RS10830,WP_013485976.1
CXQ68_RS10835,WP_013485977.1
CXQ68_RS10840,WP_013485978.1
CXQ68_RS10845,WP_013485979.1
CXQ68_RS10850,WP_013485980.1
CXQ68_RS10855,WP_013485981.1
CXQ68_RS10860,WP_013485982.1
CXQ68_RS10865,WP_013485983.1
CXQ68_RS10870,WP_013485984.1
CXQ68_RS10875,WP_013485985.1
CXQ68_RS10880,WP_013485986.1
CXQ68_RS10885,WP_013485987.1
CXQ68_RS10890,WP_013485988.1
CXQ68_RS10895,WP_013485989.1
CXQ68_RS10900,WP_013485990.1
CXQ68_RS10905,WP_013485991.1
CXQ68_RS10910,WP_013485992.1
CXQ68_RS10915,WP_013485993.1
CXQ68_RS10920,WP_013485994.1
CXQ68_RS10940,WP_013485995.1
CXQ68_RS10945,WP_159033371.1
CXQ68_RS10950,WP_013485997.1
CXQ68_RS10955,WP_013485998.1
CXQ68_RS10960,WP_013485999.1
CXQ68_RS10970,WP_013486001.1
CXQ68_RS10975,WP_013486002.1
CXQ68_RS10980,WP_013486003.1
CXQ68_RS10985,WP_013486004.1
CXQ68_RS10990,WP_013486005.1
CXQ68_RS10995,WP_013486006.1
CXQ68_RS11005,WP_013486007.1
CXQ68_RS11010,WP_013486008.1
CXQ68_RS11015,WP_013486009.1
CXQ68_RS11020,WP_242822121.1
CXQ68_RS11025,WP_013486011.1
CXQ68_RS11030,WP_013486012.1
CXQ68_RS11035,WP_013486013.1
CXQ68_RS11040,WP_013486014.1
CXQ68_RS11045,WP_013486015.1
CXQ68_RS14700,WP_137143889.1
CXQ68_RS11055,WP_041686828.1
CXQ68_RS11060,WP_013486017.1
CXQ68_RS11110,WP_013486018.1
CXQ68_RS11115,WP_013486019.1
CXQ68_RS11120,WP_013486020.1
CXQ68_RS11125,WP_013486021.1
CXQ68_RS11130,WP_013486022.1
CXQ68_RS14930,WP_013486023.1
CXQ68_RS11140,WP_013486024.1
CXQ68_RS11145,WP_013486025.1
CXQ68_RS11150,WP_013486026.1
CXQ68_RS11155,WP_013486027.1
CXQ68_RS11160,WP_013486028.1
CXQ68_RS11165,WP_013486029.1
CXQ68_RS11170,WP_013486030.1
CXQ68_RS11175,WP_013486031.1
CXQ68_RS11180,WP_013486032.1
CXQ68_RS11185,WP_013486033.1
CXQ68_RS11190,WP_013486034.1
CXQ68_RS11195,WP_013486035.1
CXQ68_RS11200,WP_013486036.1
CXQ68_RS11205,WP_013486037.1
CXQ68_RS11210,WP_013486038.1
CXQ68_RS11215,WP_013486039.1
CXQ68_RS11220,WP_013486040.1
CXQ68_RS11225,WP_013486041.1
CXQ68_RS11230,WP_013486042.1
CXQ68_RS11235,WP_013486043.1
CXQ68_RS11240,WP_013486044.1
CXQ68_RS11245,WP_013486045.1
CXQ68_RS11250,WP_013486046.1
CXQ68_RS11255,WP_013486047.1
CXQ68_RS11260,WP_013486048.1
CXQ68_RS11265,WP_013486049.1
CXQ68_RS11270,WP_013486050.1
CXQ68_RS11275,WP_013486051.1
CXQ68_RS11280,WP_159033372.1
CXQ68_RS11285,WP_013486053.1
CXQ68_RS11290,WP_013486054.1
CXQ68_RS14935,WP_162932052.1
CXQ68_RS11295,WP_013486055.1
CXQ68_RS11300,WP_013486056.1
CXQ68_RS11305,WP_013486057.1
CXQ68_RS11310,WP_013486058.1
CXQ68_RS11315,WP_041686836.1
CXQ68_RS11320,WP_013486060.1
CXQ68_RS11325,WP_013486061.1
CXQ68_RS11330,WP_013486062.1
CXQ68_RS11335,WP_013486063.1
CXQ68_RS11340,WP_013486064.1
CXQ68_RS11345,WP_013486065.1
CXQ68_RS11350,WP_013486066.1
CXQ68_RS11355,WP_013486067.1
CXQ68_RS11360,WP_013486068.1
CXQ68_RS11365,WP_013486069.1
CXQ68_RS11370,WP_013486070.1
CXQ68_RS11375,WP_013486071.1
CXQ68_RS11380,WP_041686838.1
CXQ68_RS11385,WP_013486073.1
CXQ68_RS11390,WP_013486074.1
CXQ68_RS14705,WP_156793977.1
CXQ68_RS15165,WP_137143894.1
CXQ68_RS15170,WP_083803709.1
CXQ68_RS11415,WP_013486075.1
CXQ68_RS11420,WP_013486076.1
CXQ68_RS14715,WP_137143895.1
CXQ68_RS11425,WP_341349188.1
CXQ68_RS11430,WP_013486078.1
CXQ68_RS11435,WP_013486079.1
CXQ68_RS11440,WP_013486080.1
CXQ68_RS11450,WP_013486081.1
CXQ68_RS11455,WP_013486082.1
CXQ68_RS11460,WP_013486083.1
CXQ68_RS11465,WP_013486084.1
CXQ68_RS11470,WP_013486085.1
CXQ68_RS11475,WP_013486086.1
CXQ68_RS11480,WP_013486087.1
CXQ68_RS11485,WP_013486088.1
CXQ68_RS11490,WP_159033374.1
CXQ68_RS11495,WP_013486090.1
CXQ68_RS11500,WP_083803784.1
CXQ68_RS11505,WP_041687569.1
CXQ68_RS11510,WP_106919292.1
CXQ68_RS11515,WP_013486095.1
CXQ68_RS11525,WP_013486096.1
CXQ68_RS11530,WP_013486097.1
CXQ68_RS11535,WP_013486098.1
CXQ68_RS11540,WP_013486099.1
CXQ68_RS11545,WP_013486100.1
CXQ68_RS11550,WP_013486101.1
CXQ68_RS11555,WP_013486102.1
CXQ68_RS11560,WP_013486103.1
CXQ68_RS11565,WP_013486104.1
CXQ68_RS11570,WP_013486105.1
CXQ68_RS11575,WP_013486106.1
CXQ68_RS11580,WP_013486107.1
CXQ68_RS11585,WP_013486108.1
CXQ68_RS11590,WP_013486109.1
CXQ68_RS11595,WP_013486110.1
CXQ68_RS11600,WP_013486111.1
CXQ68_RS11605,WP_013486112.1
CXQ68_RS11610,WP_049776667.1
CXQ68_RS11615,WP_013486114.1
CXQ68_RS11620,WP_013486115.1
CXQ68_RS11625,WP_013486116.1
CXQ68_RS11630,WP_083803714.1
CXQ68_RS11635,WP_013486118.1
CXQ68_RS11640,WP_013486119.1
CXQ68_RS15175,WP_242822124.1
CXQ68_RS11650,WP_013486121.1
CXQ68_RS11655,WP_013486122.1
CXQ68_RS11660,WP_013486123.1
CXQ68_RS11665,WP_013486124.1
CXQ68_RS11670,WP_013486125.1
CXQ68_RS11675,WP_013486126.1
CXQ68_RS11680,WP_013486127.1
CXQ68_RS11685,WP_013486128.1
CXQ68_RS11690,WP_013486129.1
CXQ68_RS11695,WP_013486130.1
CXQ68_RS14720,WP_137143897.1
CXQ68_RS11710,WP_013486131.1
CXQ68_RS11715,WP_013486132.1
CXQ68_RS11720,WP_013486133.1
CXQ68_RS11725,WP_013486134.1
CXQ68_RS11730,WP_013486135.1
CXQ68_RS11735,WP_013486136.1
CXQ68_RS11740,WP_013486137.1
CXQ68_RS11745,WP_013486138.1
CXQ68_RS11750,WP_013486139.1
CXQ68_RS11755,WP_013486140.1
CXQ68_RS11760,WP_013486141.1
CXQ68_RS11765,WP_013486142.1
CXQ68_RS11770,WP_013486143.1
CXQ68_RS11775,WP_013486144.1
CXQ68_RS11780,WP_013486145.1
CXQ68_RS11785,WP_013486146.1
CXQ68_RS11790,WP_013486147.1
CXQ68_RS11795,WP_013486148.1
CXQ68_RS11800,WP_013486149.1
CXQ68_RS11805,WP_013486150.1
CXQ68_RS11810,WP_013486151.1
CXQ68_RS11820,WP_013486152.1
CXQ68_RS11825,WP_013486153.1
CXQ68_RS11830,WP_013486154.1
CXQ68_RS11835,WP_013486155.1
CXQ68_RS14725,WP_137143899.1
CXQ68_RS11845,WP_013486156.1
CXQ68_RS11850,WP_013486157.1
CXQ68_RS11855,WP_242822125.1
CXQ68_RS11860,WP_013486159.1
CXQ68_RS14730,WP_137143900.1
CXQ68_RS11865,WP_013486160.1
CXQ68_RS11870,WP_013486161.1
CXQ68_RS11875,WP_013486162.1
CXQ68_RS11880,WP_013486163.1
CXQ68_RS11885,WP_013486164.1
CXQ68_RS11890,WP_013486165.1
CXQ68_RS11895,WP_137143901.1
CXQ68_RS11900,WP_013486167.1
CXQ68_RS11905,WP_013486168.1
CXQ68_RS11910,WP_013486169.1
CXQ68_RS11915,WP_013486170.1
CXQ68_RS11920,WP_013486171.1
CXQ68_RS11925,WP_013486172.1
CXQ68_RS11930,WP_013486173.1
CXQ68_RS11935,WP_013486174.1
CXQ68_RS11940,WP_013486175.1
CXQ68_RS11945,WP_013486176.1
CXQ68_RS11950,WP_013486177.1
CXQ68_RS11955,WP_013486178.1
CXQ68_RS11960,WP_013486179.1
CXQ68_RS11965,WP_013486180.1
CXQ68_RS11970,WP_013486181.1
CXQ68_RS11975,WP_013486182.1
CXQ68_RS11980,WP_013486183.1
CXQ68_RS11985,WP_013486184.1
CXQ68_RS11990,WP_159033376.1
CXQ68_RS11995,WP_013486186.1
CXQ68_RS12005,WP_013486187.1
CXQ68_RS12010,WP_049776610.1
CXQ68_RS12015,WP_013486189.1
CXQ68_RS12020,WP_013486190.1
CXQ68_RS12025,WP_013486191.1
CXQ68_RS12030,WP_013486192.1
CXQ68_RS12035,WP_013486193.1
CXQ68_RS12040,WP_013486194.1
CXQ68_RS12045,WP_013486195.1
CXQ68_RS12050,WP_013486196.1
CXQ68_RS12055,WP_013484564.1
CXQ68_RS12060,WP_242822068.1
CXQ68_RS12065,WP_013484562.1
CXQ68_RS12075,WP_041686854.1
CXQ68_RS12080,WP_013486198.1
CXQ68_RS12085,WP_137143904.1
CXQ68_RS12090,WP_013486200.1
CXQ68_RS12095,WP_013486201.1
CXQ68_RS12100,WP_013486202.1
CXQ68_RS12105,WP_013486203.1
CXQ68_RS12110,WP_013486204.1
CXQ68_RS14735,WP_137143905.1
CXQ68_RS12115,WP_013486205.1
CXQ68_RS12120,WP_137143906.1
CXQ68_RS12130,WP_013486206.1
CXQ68_RS12135,WP_013486207.1
CXQ68_RS12140,WP_013486208.1
CXQ68_RS12145,WP_013486209.1
CXQ68_RS12150,WP_013486210.1
CXQ68_RS14740,WP_156793978.1
CXQ68_RS14745,WP_137143907.1
CXQ68_RS12170,WP_041686861.1
CXQ68_RS12175,WP_242822073.1
CXQ68_RS12180,WP_013486212.1
CXQ68_RS12185,WP_013486213.1
CXQ68_RS12195,WP_106919246.1
CXQ68_RS12200,WP_013486215.1
CXQ68_RS12205,WP_013486216.1
CXQ68_RS12215,WP_013486217.1
CXQ68_RS12220,WP_083803723.1
CXQ68_RS14750,WP_137143908.1
CXQ68_RS12230,WP_137143909.1
CXQ68_RS12235,WP_013486218.1
CXQ68_RS12240,WP_013486219.1
CXQ68_RS12245,WP_242822074.1
CXQ68_RS12250,WP_013486221.1
CXQ68_RS12255,WP_013486222.1
CXQ68_RS15185,WP_013486223.1
CXQ68_RS12265,WP_013486224.1
CXQ68_RS12270,WP_013486225.1
CXQ68_RS12280,WP_278244206.1
CXQ68_RS12285,WP_242822075.1
CXQ68_RS12290,WP_041687636.1
CXQ68_RS12295,WP_013486229.1
CXQ68_RS12300,WP_013486230.1
CXQ68_RS12305,WP_013486231.1
CXQ68_RS12310,WP_013486233.1
CXQ68_RS14755,WP_013486234.1
CXQ68_RS12325,WP_013486235.1
CXQ68_RS12330,WP_013486236.1
CXQ68_RS12335,WP_013486237.1
CXQ68_RS12340,WP_049776613.1
CXQ68_RS12345,WP_013486239.1
CXQ68_RS12350,WP_159033377.1
CXQ68_RS12355,WP_013486241.1
CXQ68_RS12360,WP_013486242.1
CXQ68_RS12365,WP_013486243.1
CXQ68_RS12370,WP_013486244.1
CXQ68_RS12375,WP_242822076.1
CXQ68_RS12380,WP_041686872.1
CXQ68_RS12385,WP_013486246.1
CXQ68_RS12390,WP_013486247.1
CXQ68_RS12395,WP_013486248.1
CXQ68_RS12400,WP_013486249.1
CXQ68_RS12405,WP_013486250.1
CXQ68_RS12410,WP_013486251.1
CXQ68_RS12415,WP_013486252.1
CXQ68_RS12420,WP_013486253.1
CXQ68_RS12425,WP_013486254.1
CXQ68_RS12430,WP_013486255.1
CXQ68_RS12435,WP_013486256.1
CXQ68_RS12440,WP_013486257.1
CXQ68_RS12445,WP_013486258.1
CXQ68_RS12450,WP_049776616.1
CXQ68_RS12460,WP_013484564.1
CXQ68_RS12465,WP_242822068.1
CXQ68_RS12470,WP_013484562.1
CXQ68_RS12475,WP_013486260.1
CXQ68_RS12480,WP_013486261.1
CXQ68_RS12485,WP_159033378.1
CXQ68_RS12495,WP_013486263.1
CXQ68_RS12500,WP_013486264.1
CXQ68_RS12505,WP_013486265.1
CXQ68_RS12510,WP_013486266.1
CXQ68_RS12515,WP_041686873.1
CXQ68_RS12525,WP_013486268.1
CXQ68_RS12535,WP_013486269.1
CXQ68_RS12540,WP_013486270.1
CXQ68_RS12545,WP_013486271.1
CXQ68_RS12550,WP_013486272.1
CXQ68_RS12555,WP_013486273.1
CXQ68_RS12560,WP_013486274.1
CXQ68_RS12565,WP_013486275.1
CXQ68_RS12570,WP_137143912.1
CXQ68_RS12575,WP_013486277.1
CXQ68_RS12580,WP_013486278.1
CXQ68_RS12585,WP_013486279.1
CXQ68_RS12590,WP_013486280.1
CXQ68_RS12595,WP_013486281.1
CXQ68_RS12600,WP_013486282.1
CXQ68_RS12605,WP_013486283.1
CXQ68_RS12610,WP_013486284.1
CXQ68_RS14760,WP_013486285.1
CXQ68_RS12615,WP_013486286.1
CXQ68_RS12620,WP_013486287.1
CXQ68_RS12625,WP_013486288.1
CXQ68_RS12630,WP_013486289.1
CXQ68_RS12635,WP_137143913.1
CXQ68_RS12640,WP_013486291.1
CXQ68_RS12645,WP_013486292.1
CXQ68_RS12650,WP_013486293.1
CXQ68_RS12655,WP_013486294.1
CXQ68_RS12660,WP_013486295.1
CXQ68_RS12665,WP_041686876.1
CXQ68_RS12670,WP_013486296.1
CXQ68_RS12675,WP_013486297.1
CXQ68_RS12680,WP_013486298.1
CXQ68_RS12685,WP_013486299.1
CXQ68_RS12690,WP_013486300.1
CXQ68_RS12695,WP_013486301.1
CXQ68_RS12700,WP_137143914.1
CXQ68_RS12705,WP_049776619.1
CXQ68_RS12710,WP_013486304.1
CXQ68_RS12715,WP_013486305.1
CXQ68_RS12720,WP_013486306.1
CXQ68_RS12725,WP_013486307.1
CXQ68_RS12730,WP_013486308.1
CXQ68_RS12735,WP_013486309.1
CXQ68_RS12745,WP_137143916.1
CXQ68_RS12750,WP_013486312.1
CXQ68_RS12755,WP_013486313.1
CXQ68_RS12760,WP_013486315.1
CXQ68_RS12765,WP_013486316.1
CXQ68_RS12770,WP_013486317.1
CXQ68_RS12775,WP_013486318.1
CXQ68_RS12780,WP_013486319.1
CXQ68_RS12785,WP_013486320.1
CXQ68_RS15190,WP_242822077.1
CXQ68_RS12800,WP_013486323.1
CXQ68_RS12805,WP_013486324.1
CXQ68_RS12810,WP_137143918.1
CXQ68_RS14765,WP_013486328.1
CXQ68_RS12825,WP_013486329.1
CXQ68_RS12830,WP_013486330.1
CXQ68_RS12835,WP_013486331.1
CXQ68_RS12840,WP_013486332.1
CXQ68_RS12845,WP_013486333.1
CXQ68_RS12850,WP_013486334.1
CXQ68_RS12855,WP_242822126.1
CXQ68_RS12860,WP_013486336.1
CXQ68_RS12865,WP_013486337.1
CXQ68_RS12870,WP_013486338.1
CXQ68_RS12875,WP_013486339.1
CXQ68_RS12880,WP_013486340.1
CXQ68_RS12885,WP_013486341.1
CXQ68_RS12890,WP_013486342.1
CXQ68_RS12900,WP_013486343.1
CXQ68_RS12930,WP_013486344.1
CXQ68_RS12935,WP_013486345.1
CXQ68_RS12940,WP_013486346.1
CXQ68_RS12950,WP_013486347.1
CXQ68_RS12955,WP_013486348.1
CXQ68_RS12960,WP_159033379.1
CXQ68_RS12965,WP_013486350.1
CXQ68_RS12970,WP_013486351.1
CXQ68_RS12975,WP_013486352.1
CXQ68_RS14770,WP_159033380.1
CXQ68_RS12980,WP_013486353.1
CXQ68_RS12985,WP_242822127.1
CXQ68_RS12990,WP_013486355.1
CXQ68_RS12995,WP_013486356.1
CXQ68_RS13000,WP_013486357.1
CXQ68_RS13005,WP_013486358.1
CXQ68_RS13010,WP_013486359.1
CXQ68_RS13015,WP_013486360.1
CXQ68_RS13020,WP_013486361.1
CXQ68_RS13025,WP_013486362.1
CXQ68_RS13030,WP_013486363.1
CXQ68_RS13035,WP_013486364.1
CXQ68_RS13040,WP_013486365.1
CXQ68_RS13045,WP_013486366.1
CXQ68_RS13050,WP_013486367.1
CXQ68_RS13055,WP_013486368.1
CXQ68_RS13060,WP_013486369.1
CXQ68_RS13065,WP_013486370.1
CXQ68_RS13070,WP_013486371.1
CXQ68_RS13075,WP_013486372.1
CXQ68_RS13080,WP_013486373.1
CXQ68_RS13085,WP_013486374.1
CXQ68_RS13090,WP_013486375.1
CXQ68_RS13095,WP_013486376.1
CXQ68_RS13100,WP_013486377.1
CXQ68_RS13105,WP_013486378.1
CXQ68_RS13110,WP_013486379.1
CXQ68_RS13115,WP_013486380.1
CXQ68_RS13120,WP_013486381.1
CXQ68_RS13125,WP_013486382.1
CXQ68_RS13130,WP_013486383.1
CXQ68_RS13135,WP_013486384.1
CXQ68_RS13140,WP_013486385.1
CXQ68_RS13145,WP_013486386.1
CXQ68_RS13150,WP_013486387.1
CXQ68_RS13155,WP_013486388.1
CXQ68_RS13160,WP_013486389.1
CXQ68_RS13165,WP_013486390.1
CXQ68_RS13170,WP_013486391.1
CXQ68_RS13175,WP_013486392.1
CXQ68_RS13180,WP_013486393.1
CXQ68_RS13185,WP_013486394.1
CXQ68_RS13190,WP_013486395.1
CXQ68_RS13195,WP_013486396.1
CXQ68_RS13200,WP_013486397.1
CXQ68_RS13205,WP_013486398.1
CXQ68_RS13210,WP_013486399.1
CXQ68_RS13215,WP_013486400.1
CXQ68_RS13220,WP_106919249.1
CXQ68_RS13225,WP_013486402.1
CXQ68_RS13230,WP_013486403.1
CXQ68_RS13235,WP_013486404.1
CXQ68_RS13240,WP_013486405.1
CXQ68_RS13245,WP_013486406.1
CXQ68_RS13250,WP_013486407.1
CXQ68_RS13255,WP_013486408.1
CXQ68_RS13260,WP_013486409.1
CXQ68_RS13265,WP_013486410.1
CXQ68_RS13270,WP_013486411.1
CXQ68_RS13275,WP_137143919.1
CXQ68_RS13280,WP_041686887.1
CXQ68_RS13285,WP_041687698.1
CXQ68_RS13290,WP_013486415.1
CXQ68_RS13295,WP_049776623.1
CXQ68_RS13300,WP_013486417.1
CXQ68_RS13305,WP_013486418.1
CXQ68_RS13315,WP_013486419.1
CXQ68_RS13320,WP_013486420.1
CXQ68_RS13325,WP_013486421.1
CXQ68_RS13330,WP_013486422.1
CXQ68_RS14775,WP_013486423.1
CXQ68_RS13335,WP_013486424.1
CXQ68_RS13340,WP_013486425.1
CXQ68_RS13345,WP_013486426.1
CXQ68_RS13350,WP_013486427.1
CXQ68_RS13365,WP_013486428.1
CXQ68_RS13370,WP_013486429.1
CXQ68_RS13375,WP_198009333.1
CXQ68_RS13380,WP_049776624.1
CXQ68_RS13385,WP_013486432.1
CXQ68_RS13390,WP_013486433.1
CXQ68_RS13395,WP_013486434.1
CXQ68_RS13400,WP_013486435.1
CXQ68_RS13405,WP_013486436.1
CXQ68_RS13410,WP_013486437.1
CXQ68_RS13415,WP_242822128.1
CXQ68_RS13420,WP_159033381.1
CXQ68_RS13425,WP_013486440.1
CXQ68_RS13430,WP_013486441.1
CXQ68_RS13435,WP_013486442.1
CXQ68_RS13440,WP_013486443.1
CXQ68_RS13445,WP_013486444.1
CXQ68_RS13450,WP_013486445.1
CXQ68_RS13455,WP_013486446.1
CXQ68_RS13460,WP_013486447.1
CXQ68_RS13465,WP_013486448.1
CXQ68_RS13470,WP_013486449.1
CXQ68_RS13475,WP_013486450.1
CXQ68_RS13480,WP_013486451.1
CXQ68_RS13485,WP_013486452.1
CXQ68_RS13490,WP_013486453.1
CXQ68_RS13495,WP_013486454.1
CXQ68_RS13500,WP_013486455.1
CXQ68_RS13505,WP_041686897.1
CXQ68_RS13510,WP_013486457.1
CXQ68_RS13515,WP_013486458.1
CXQ68_RS13520,WP_041686899.1
CXQ68_RS13525,WP_013486460.1
CXQ68_RS13530,WP_013486461.1
CXQ68_RS13535,WP_013486462.1
CXQ68_RS13540,WP_013486463.1
CXQ68_RS13545,WP_013486464.1
CXQ68_RS13550,WP_013486465.1
CXQ68_RS13555,WP_013486466.1
CXQ68_RS13560,WP_013486467.1
CXQ68_RS13565,WP_013486468.1
CXQ68_RS15255,WP_341458429.1
CXQ68_RS15260,WP_341458430.1
CXQ68_RS13575,WP_041686901.1
CXQ68_RS13580,WP_013486471.1
CXQ68_RS13585,WP_013486472.1
CXQ68_RS13590,WP_013486473.1
CXQ68_RS13595,WP_013486474.1
CXQ68_RS13600,WP_041686903.1
CXQ68_RS13605,WP_013486476.1
CXQ68_RS13610,WP_013486477.1
CXQ68_RS14780,WP_013486478.1
CXQ68_RS13615,WP_013486479.1
CXQ68_RS13620,WP_013486480.1
CXQ68_RS13625,WP_106919302.1
CXQ68_RS13630,WP_013486482.1
CXQ68_RS13635,WP_013486483.1
CXQ68_RS13640,WP_013486484.1
CXQ68_RS13645,WP_013486485.1
CXQ68_RS13650,WP_013486486.1
CXQ68_RS13655,WP_013486487.1
CXQ68_RS13660,WP_013486488.1
CXQ68_RS13665,WP_013486489.1
CXQ68_RS13670,WP_013486490.1
CXQ68_RS13675,WP_013486492.1
CXQ68_RS13680,WP_041686905.1
CXQ68_RS13685,WP_013486494.1
CXQ68_RS13690,WP_013486495.1
CXQ68_RS13695,WP_013486496.1
CXQ68_RS13700,WP_013486497.1
CXQ68_RS13705,WP_013486498.1
CXQ68_RS13710,WP_013486499.1
CXQ68_RS13715,WP_013486500.1
CXQ68_RS13720,WP_013486501.1
CXQ68_RS13725,WP_013486502.1
CXQ68_RS13730,WP_013486503.1
CXQ68_RS13735,WP_013486504.1
CXQ68_RS13740,WP_041686907.1
CXQ68_RS13745,WP_013486506.1
CXQ68_RS13750,WP_013486507.1
CXQ68_RS13755,WP_013486508.1
CXQ68_RS13765,WP_013486509.1
CXQ68_RS14785,WP_013486510.1
CXQ68_RS13775,WP_013486511.1
CXQ68_RS13780,WP_013486512.1
CXQ68_RS13785,WP_013486513.1
CXQ68_RS13790,WP_013486514.1
CXQ68_RS13795,WP_013486515.1
CXQ68_RS13800,WP_013486516.1
CXQ68_RS13805,WP_013486517.1
CXQ68_RS13815,WP_013486519.1
CXQ68_RS14790,WP_013486520.1
CXQ68_RS13820,WP_013486521.1
CXQ68_RS13825,WP_013486522.1
CXQ68_RS13830,WP_013486523.1
CXQ68_RS13835,WP_013486524.1
CXQ68_RS13840,WP_013486525.1
CXQ68_RS13845,WP_013486526.1
CXQ68_RS13850,WP_013486527.1
CXQ68_RS13855,WP_013486528.1
CXQ68_RS13860,WP_013486529.1
CXQ68_RS13865,WP_013486530.1
CXQ68_RS13870,WP_013486531.1
CXQ68_RS13875,WP_013486532.1
CXQ68_RS13880,WP_013486533.1
CXQ68_RS13885,WP_013486534.1
CXQ68_RS13890,WP_041686915.1
CXQ68_RS13895,WP_013486536.1
CXQ68_RS13900,WP_013486537.1
CXQ68_RS13905,WP_013486538.1
CXQ68_RS13910,WP_013486539.1
CXQ68_RS13915,WP_013486540.1
CXQ68_RS13920,WP_013486541.1
CXQ68_RS13925,WP_041686917.1
CXQ68_RS13930,WP_013486543.1
CXQ68_RS13935,WP_013486544.1
CXQ68_RS13940,WP_159033382.1
CXQ68_RS13945,WP_013486546.1
CXQ68_RS13950,WP_013486547.1
CXQ68_RS13955,WP_013486548.1
CXQ68_RS13960,WP_013486549.1
CXQ68_RS13965,WP_013486550.1
CXQ68_RS13970,WP_013486551.1
CXQ68_RS13975,WP_013486552.1
CXQ68_RS13980,WP_013486553.1
CXQ68_RS13985,WP_013486554.1
CXQ68_RS13990,WP_013486555.1
CXQ68_RS13995,WP_013486556.1
CXQ68_RS14000,WP_013486557.1
CXQ68_RS14005,WP_013486558.1
CXQ68_RS14010,WP_013486559.1
CXQ68_RS14015,WP_013486560.1
CXQ68_RS14020,WP_013486561.1
CXQ68_RS14025,WP_013486562.1
CXQ68_RS14030,WP_013486563.1
CXQ68_RS14035,WP_013486564.1
CXQ68_RS14040,WP_013486565.1
CXQ68_RS14050,WP_013486566.1
CXQ68_RS14055,WP_013486567.1
CXQ68_RS14060,WP_013486568.1
CXQ68_RS14065,WP_013486569.1
CXQ68_RS14070,WP_013486570.1
CXQ68_RS14075,WP_013486571.1
CXQ68_RS14080,WP_013486572.1
CXQ68_RS14085,WP_013486573.1
CXQ68_RS14090,WP_013486574.1
CXQ68_RS14095,WP_013486575.1
CXQ68_RS14100,WP_013486576.1
CXQ68_RS14105,WP_013486577.1
CXQ68_RS14110,WP_013486578.1
CXQ68_RS14115,WP_013486579.1
CXQ68_RS14120,WP_013486580.1
CXQ68_RS14125,WP_013486581.1
CXQ68_RS14130,WP_041686925.1
CXQ68_RS14135,WP_137143926.1
CXQ68_RS14140,WP_013486584.1
CXQ68_RS14145,WP_013486585.1
CXQ68_RS14150,WP_013486586.1
CXQ68_RS14155,WP_159033383.1
CXQ68_RS14160,WP_013486588.1
CXQ68_RS14165,WP_013486589.1
CXQ68_RS14170,WP_041686931.1
CXQ68_RS14175,WP_013486591.1
CXQ68_RS14180,WP_013486592.1
CXQ68_RS14185,WP_013486593.1
CXQ68_RS14190,WP_013486594.1
CXQ68_RS14200,WP_013486595.1
CXQ68_RS14205,WP_013486596.1
CXQ68_RS14210,WP_013486597.1
CXQ68_RS14215,WP_013486598.1
CXQ68_RS14220,WP_013486599.1
CXQ68_RS14225,WP_013486600.1
CXQ68_RS14230,WP_013486601.1
CXQ68_RS14235,WP_013486602.1
CXQ68_RS14240,WP_013486603.1
CXQ68_RS14245,WP_013486604.1
CXQ68_RS14250,WP_013486605.1
CXQ68_RS14255,WP_013486606.1
CXQ68_RS14260,WP_013486607.1
CXQ68_RS14940,WP_013486608.1
CXQ68_RS14265,WP_013486609.1
CXQ68_RS14270,WP_013486610.1
CXQ68_RS14275,WP_137143928.1
CXQ68_RS14320,WP_013486612.1
CXQ68_RS14325,WP_013486613.1
CXQ68_RS14330,WP_013486614.1
CXQ68_RS14335,WP_013486615.1
CXQ68_RS14340,WP_013486616.1
CXQ68_RS14345,WP_013486617.1
CXQ68_RS14350,WP_013486618.1
CXQ68_RS14355,WP_013486619.1
CXQ68_RS14360,WP_013486620.1
CXQ68_RS14365,WP_013486621.1
CXQ68_RS14370,WP_013486622.1
CXQ68_RS14375,WP_159033384.1
CXQ68_RS14380,WP_013486624.1
CXQ68_RS14385,WP_013486625.1
CXQ68_RS14390,WP_013486626.1
CXQ68_RS14395,WP_013486627.1
CXQ68_RS14400,WP_013486628.1
CXQ68_RS14405,WP_013486629.1
CXQ68_RS14410,WP_013486630.1
CXQ68_RS14415,WP_013486631.1
CXQ68_RS14420,WP_013486632.1
CXQ68_RS14425,WP_013486633.1
CXQ68_RS14430,WP_041687772.1
CXQ68_RS14435,WP_013486635.1
